"Make","Model","Fuel Type","Vehicle Type"
"ABARTH","500E","BEV","CAR"
"ABARTH","500E SCORPIONISSIMA","BEV","CAR"
"ABARTH","500E TURISMO","BEV","CAR"
"ABARTH","MODEL 3 STANDARD RANGE +","BEV","CAR"
"AUDI","E-TRON EDITION 1 55 QUATTRO","BEV","CAR"
"AUDI","E-TRON GT VORSPRUNG QUATTRO","BEV","CAR"
"AUDI","E-TRON S VORSPRUNG QUATTRO","BEV","CAR"
"AUDI","E-TRON VORSPRUNG 50 QUATTRO","BEV","CAR"
"AUDI","E-TRON SPORT 55 QUATTRO","BEV","CAR"
"AUDI","E-TRON 55 QUATTRO","BEV","CAR"
"AUDI","E-TRON TECHNIK 55 QUATTRO","BEV","CAR"
"AUDI","E-TRON S LINE 55 QUATTRO","BEV","CAR"
"AUDI","E-TRON LAUNCH ED 55 QUAT","BEV","CAR"
"AUDI","E-TRON S LINE 50 QUATTRO","BEV","CAR"
"AUDI","E-TRON BLACK EDITION 55 QUAT","BEV","CAR"
"AUDI","E-TRON SPORT 50 QUATTRO","BEV","CAR"
"AUDI","A3 S LINE COMP 45 TFSI E SA","PHEV","CAR"
"AUDI","A3 E-TRON 40 S-A","PHEV","CAR"
"AUDI","E-TRON LAUNCH EDITION 50 QUAT","BEV","CAR"
"AUDI","E-TRON GT QUATTRO","BEV","CAR"
"AUDI","Q4 E-TRON BLACK ED 45 QUATTRO","BEV","CAR"
"AUDI","Q4 E-TRON BLACK ED 50 QUATTRO","BEV","CAR"
"AUDI","Q4 E-TRON BLACK ED 55 QUATTRO","BEV","CAR"
"AUDI","Q4 E-TRON BLACK EDITION 40","BEV","CAR"
"AUDI","Q4 E-TRON EDITION 1 45","BEV","CAR"
"AUDI","Q4 E-TRON EDITION 1 50 QUATTRO","BEV","CAR"
"AUDI","Q4 E-TRON EDITION 1 55 QUATTRO","BEV","CAR"
"AUDI","Q4 E-TRON S LINE 45 QUATTRO","BEV","CAR"
"AUDI","Q4 E-TRON S LINE 50 QUATTRO","BEV","CAR"
"AUDI","Q4 E-TRON S LINE 55 QUATTRO","BEV","CAR"
"AUDI","Q4 E-TRON S LINE LAUNCH ED 40","BEV","CAR"
"AUDI","Q4 E-TRON SPORT 55 QUATTRO","BEV","CAR"
"AUDI","Q4 E-TRON VORSPRUNG 35","BEV","CAR"
"AUDI","Q4 E-TRON VORSPRUNG 40","BEV","CAR"
"AUDI","Q4 E-TRON VORSPRUNG 45","BEV","CAR"
"AUDI","Q4 E-TRON VORSPRUNG 50 QUATTRO","BEV","CAR"
"AUDI","Q4 E-TRON VORSPRUNG 55 QUATTRO","BEV","CAR"
"AUDI","Q4 E-TRON SPORT 50 QUATTRO","BEV","CAR"
"AUDI","RS E-TRON GT CARBON VORSPRUNG","BEV","CAR"
"AUDI","RS E-TRON GT CARBON BLACK","BEV","CAR"
"AUDI","Q4 E-TRON SPORT 35","BEV","CAR"
"AUDI","Q4 E-TRON S LINE 40","BEV","CAR"
"AUDI","RS E-TRON GT","BEV","CAR"
"AUDI","Q4 E-TRON SPORT 40","BEV","CAR"
"AUDI","Q8 E-TRON SPORT 50 QUATTRO","BEV","CAR"
"AUDI","Q4 E-TRON EDITION 1 35","BEV","CAR"
"AUDI","Q4 E-TRON SPORT 45","BEV","CAR"
"AUDI","Q4 E-TRON S LINE 35","BEV","CAR"
"AUDI","Q4 E-TRON BLACK EDITION 45","BEV","CAR"
"AUDI","Q4 E-TRON S LINE 45","BEV","CAR"
"AUDI","Q4 E-TRON EDITION 1 40","BEV","CAR"
"AUDI","Q4 E-TRON SPORT 45 QUATTRO","BEV","CAR"
"AUDI","Q3 S LINE VSPRUNG 45 TFSI E SA","PHEV","CAR"
"AUDI","Q3 S LINE BLCK ED 45 TFSI E SA","PHEV","CAR"
"AUDI","Q3 S LINE 45 TFSI E S-A","PHEV","CAR"
"AUDI","Q3 TECHNIK 45 TFSI E S-A","PHEV","CAR"
"AUDI","A3 S LNE V-SPRNG 40TDI","PHEV","CAR"
"AUDI","A3 S LINE COMP 45","PHEV","CAR"
"AUDI","Q4 E-TRON S LINE 55","BEV","CAR"
"AUDI","Q6 E-TRON PERFORMANCE S LINE","BEV","CAR"
"AUDI","E-TRON S QUATTRO","BEV","CAR"
"AUDI","E-TRON VORSPRUNG 55 QUATTRO","BEV","CAR"
"AUDI","A6 E-TRON LAUNCH EDITION","BEV","CAR"
"AUDI","Q5 S LN COMP 55","PHEV","CAR"
"AUDI","A6 S LINE 50 TFSI","PHEV","CAR"
"AUDI","Q5 COMP 55 TFSI E QUATTRO S-A","PHEV","CAR"
"AUDI","Q5 S LNE VOR 50 TFSI E QUAT SA","PHEV","CAR"
"AUDI","Q5 S LN ED 1 50 TFSI E QUAT SA","PHEV","CAR"
"AUDI","Q5 COMP VOR 55 TFSI E QUAT S-A","PHEV","CAR"
"AUDI","Q5 VOR COMP 55 TFSI E QUAT S-A","PHEV","CAR"
"AUDI","Q5 S LN COMP 55 TFSI E QUAT SA","PHEV","CAR"
"AUDI","Q5 SLN BLK ED 50TFSI E QUAT SA","PHEV","CAR"
"AUDI","Q5 S LINE 50 TFSI E QUATTRO SA","PHEV","CAR"
"AUDI","Q5 SPORT 50 TFSI E QUATTRO S-A","PHEV","CAR"
"AUDI","E-TRON TECHNIK 50 QUATTRO","BEV","CAR"
"AUDI","E-TRON BLACK EDITION 50 QUAT","BEV","CAR"
"AUDI","A3 SPORT 40 TFSI E S-A","PHEV","CAR"
"AUDI","A3 S LINE 40 TFSI E S-A","PHEV","CAR"
"AUDI","A3 S LINE 40 TFSI","PHEV","CAR"
"AUDI","A3 SPORT 40 TFSI E","PHEV","CAR"
"AUDI","Q4 E-TRON S LINE 50","BEV","CAR"
"AUDI","A6 COMP 55 TFSI E","PHEV","CAR"
"AUDI","A3 E-TRON S-A","PHEV","CAR"
"AUDI","Q3 TECHNIK 45 TFSI E","PHEV","CAR"
"AUDI","Q3 S LINE VSPRUNG 45","PHEV","CAR"
"AUDI","A6 SPORT 50 TFSI E","PHEV","CAR"
"AUDI","Q5 S LINE 50 TFSI","PHEV","CAR"
"AUDI","Q4 E-TRON S LINE LAUNCH","BEV","CAR"
"BMW","740E EXCLUSIVE AUTO","PHEV","CAR"
"BMW","740E AUTO","PHEV","CAR"
"BMW","740E M SPORT AUTO","PHEV","CAR"
"BMW","545E XDRIVE M SPORT AUTO","PHEV","CAR"
"BMW","225XE LUXURY AUTO","PHEV","CAR"
"BMW","225XE SPORT PHEV AUTO","PHEV","CAR"
"BMW","530E XDRIVE SE AUTO","PHEV","CAR"
"BMW","545E XDRIVE M SPORT EDITION A","PHEV","CAR"
"BMW","545E XDRIVE SE AUTO","PHEV","CAR"
"BMW","550E XDRIVE M SPORT AUTO","PHEV","CAR"
"BMW","5 ACTIVEHYBRID AUTO","PHEV","CAR"
"BMW","550E XDRIVE M SPORT PRO AUTO","PHEV","CAR"
"BMW","530E XDRIVE M SPORT EDITION A","PHEV","CAR"
"BMW","530E M SPORT PRO AUTO","PHEV","CAR"
"BMW","530E M SPORT EDITION AUTO","PHEV","CAR"
"BMW","225XE SPORT PREMIUM AUTO","PHEV","CAR"
"BMW","530E SE AUTO","PHEV","CAR"
"BMW","530E M SPORT AUTO","PHEV","CAR"
"BMW","225XE M SPORT PREMIUM AUTO","PHEV","CAR"
"BMW","225XE M SPORT AUTO","PHEV","CAR"
"BMW","530E XDRIVE M SPORT AUTO","PHEV","CAR"
"BMW","I4 M50 KITH EDITION","BEV","CAR"
"BMW","IX XDRIVE50 M SPORT EDITION","BEV","CAR"
"BMW","IX XDRIVE50 SPORT","BEV","CAR"
"BMW","IX M60","BEV","CAR"
"BMW","750E XDRIVE EXCELLENCE AUTO","PHEV","CAR"
"BMW","I3","BEV","CAR"
"BMW","I4 EDRIVE40 M SPORT","BEV","CAR"
"BMW","I3S","BEV","CAR"
"BMW","I4 M50","BEV","CAR"
"BMW","IX1 EDRIVE20 M SPORT","BEV","CAR"
"BMW","IX XDRIVE50 M SPORT","BEV","CAR"
"BMW","IX3 M SPORT","BEV","CAR"
"BMW","X2 XDRIVE25E M MESH EDITION A","PHEV","CAR"
"BMW","X1 XDRIVE25E M SPORT AUTO","PHEV","CAR"
"BMW","X1 XDRIVE30E XLINE AUTO","PHEV","CAR"
"BMW","X1 XDRIVE25E SPORT AUTO","PHEV","CAR"
"BMW","X1 XDRIVE30E M SPORT AUTO","PHEV","CAR"
"BMW","X5 XDRIVE45E M SPORT AUTO","PHEV","CAR"
"BMW","IX3 PREMIER EDITION","BEV","CAR"
"BMW","X3 XDRIVE30E XLINE AUTO","PHEV","CAR"
"BMW","IX3 PREMIER EDITION PRO","BEV","CAR"
"BMW","X5 XDRIVE45E XLINE AUTO","PHEV","CAR"
"BMW","I4 EDRIVE40 SPORT","BEV","CAR"
"BMW","X5 XDRIVE40E M SPORT AUTO","PHEV","CAR"
"BMW","X5 XD45E M SPT BLCK VRMLN ED A","PHEV","CAR"
"BMW","IX3 M SPORT PRO","BEV","CAR"
"BMW","X1 XDRIVE25E XLINE AUTO","PHEV","CAR"
"BMW","IX2 XDRIVE 30 M SPORT","BEV","CAR"
"BMW","IX XDRIVE40 SPORT EDITION","BEV","CAR"
"BMW","X3 XDRIVE30E SE AUTO","PHEV","CAR"
"BMW","X3 XDRIVE30E M SPORT AUTO","PHEV","CAR"
"BMW","IX XDRIVE40 M SPORT EDITION","BEV","CAR"
"BMW","IX1 EDRIVE20 SPORT","BEV","CAR"
"BMW","IX XDRIVE40 SPORT","BEV","CAR"
"BMW","IX1 EDRIVE20 XLINE","BEV","CAR"
"BMW","IX2 EDRIVE20 M SPORT","BEV","CAR"
"BMW","I4 EDRIVE35 SPORT","BEV","CAR"
"BMW","IX1 XDRIVE 30 X LINE","BEV","CAR"
"BMW","I5 EDRIVE40 M SPORT PRO","BEV","CAR"
"BMW","I4 EDRIVE35 M SPORT","BEV","CAR"
"BMW","I8 PROTONIC RED EDITION","PHEV","CAR"
"BMW","I8 PROTONIC FROZEN BLACK ED","PHEV","CAR"
"BMW","I8","PHEV","CAR"
"BMW","I8 PROTONIC DARK SILVER ED","PHEV","CAR"
"BMW","I8 PROTONIC FROZEN YELLOW ED","PHEV","CAR"
"BMW","X5 XDRIVE50E M SPORT AUTO","PHEV","CAR"
"BMW","740LE XDRIVE M SPORT AUTO","PHEV","CAR"
"BMW","750E XDRIVE M SPORT AUTO","PHEV","CAR"
"BMW","745E AUTO","PHEV","CAR"
"BMW","745E M SPORT AUTO","PHEV","CAR"
"BMW","745LE XDRIVE M SPORT AUTO","PHEV","CAR"
"BMW","740LE XDRIVE EXCLUSIVE AUTO","PHEV","CAR"
"BMW","745LE XDRIVE AUTO","PHEV","CAR"
"BMW","COOPER S ELECTRIC LEVEL 2","PHEV","CAR"
"BMW","I3S RANGE EXTENDER","BEV","CAR"
"BMW","330E XDRIVE SPORT PRO AUTO","PHEV","CAR"
"BMW","330E SE AUTO","PHEV","CAR"
"BMW","330E XDRIVE M SPORT PRO ED A","PHEV","CAR"
"BMW","330E SPORT PRO AUTO","PHEV","CAR"
"BMW","330E M SPORT AUTO","PHEV","CAR"
"BMW","330E SE PRO AUTO","PHEV","CAR"
"BMW","330E XDRIVE SE PRO AUTO","PHEV","CAR"
"BMW","330E M SPORT PRO EDITION AUTO","PHEV","CAR"
"BMW","330E XDRIVE SPORT AUTO","PHEV","CAR"
"BMW","330E SPORT AUTO","PHEV","CAR"
"BMW","330E M SPORT SHADOW EDITION A","PHEV","CAR"
"BMW","330E M SPORT + EDITION AUTO","PHEV","CAR"
"BMW","330E XDRIVE M SPORT AUTO","PHEV","CAR"
"BMW","I3 RANGE EXTENDER","BEV","CAR"
"BMW","IX XDRIVE40 M SPORT","BEV","CAR"
"BMW","IX1 XDRIVE 30 M SPORT","BEV","CAR"
"BMW","X2 XDRIVE25E M SPORT X AUTO","PHEV","CAR"
"BMW","X2 XDRIVE25E M SPORT AUTO","PHEV","CAR"
"BMW","X2 XDRIVE25E SPORT AUTO","PHEV","CAR"
"BMW","X5 XDRIVE40E SE AUTO","PHEV","CAR"
"BMW","330E LUXURY AUTO","PHEV","CAR"
"BYD","ATTO 3","BEV","CAR"
"BYD","DOLPHIN COMFORT EV","BEV","CAR"
"BYD","ATTO 3 COMFORT","BEV","CAR"
"BYD","DOLPHIN DESIGN EV","BEV","CAR"
"BYD","SEAL EXCELLENCE EV AWD","BEV","CAR"
"BYD","SEAL DESIGN EV","BEV","CAR"
"BYD","ATTO 3 DESIGN","BEV","CAR"
"CITROEN","BERLINGO 500E ELECTRIQUE","BEV","CAR"
"CITROEN","BERLINGO 550 LX L2 ELECTRIC","BEV","LCV"
"CITROEN","BERLINGO 635 ENTERPRISE EV CVT","BEV","LCV"
"CITROEN","BERLINGO 635 LX ELECTRIC","BEV","LCV"
"CITROEN","BERLINGO 635 LX ELECTRIC CVT","BEV","LCV"
"CITROEN","BERLINGO E500","BEV","LCV"
"CITROEN","E-BERLINGO 700 ENTERPRISE ED","BEV","LCV"
"CITROEN","E-BERLINGO 700 ENTERPRISE PRO","BEV","LCV"
"CITROEN","E-BERLINGO 750 DRIVER EDITION","BEV","LCV"
"CITROEN","E-BERLINGO 750 ENTERPRISE ED","BEV","LCV"
"CITROEN","E-BERLINGO 800 DRIVER EDITION","BEV","LCV"
"CITROEN","E-BERLINGO 800 DRIVER PRO","BEV","LCV"
"CITROEN","E-BERLINGO 800 ENTERPRISE PRO","BEV","LCV"
"CITROEN","E-BERLINGO DRIVER","BEV","LCV"
"CITROEN","E-BERLINGO ENTERPRISE","BEV","LCV"
"CITROEN","E-BERLINGO MAX","BEV","CAR"
"CITROEN","E-BERLINGO PLUS","BEV","CAR"
"CITROEN","E-C4 E-SERIES","BEV","CAR"
"CITROEN","E-C4 MAX","BEV","CAR"
"CITROEN","E-C4 SENSE","BEV","CAR"
"CITROEN","E-BERLINGO FLAIR XTR","BEV","CAR"
"CITROEN","E-C4 C-SERIES EDITION","BEV","CAR"
"CITROEN","E-BERLINGO 800 ENTERPRISE ED","BEV","LCV"
"CITROEN","E-BERLINGO 750 ENTERPRISE PRO","BEV","LCV"
"CITROEN","E-C4 SHINE EDITION","BEV","CAR"
"CITROEN","E-C4 X MAX","BEV","CAR"
"CITROEN","E-C4 X SENSE","BEV","CAR"
"CITROEN","E-C4 X YOU","BEV","CAR"
"CITROEN","E-C4 YOU","BEV","CAR"
"CITROEN","E-SPACETOURER BUSINESS","BEV","CAR"
"CITROEN","E-SPACETOURER BUSINESS EDITION","BEV","CAR"
"CITROEN","E-SPACETOURER BUSINESS LOUNGE","BEV","CAR"
"CITROEN","E-SPACETOURER FEEL","BEV","CAR"
"CITROEN","E-SPACETOURER FLAIR","BEV","CAR"
"CITROEN","E-SPACETOURER YOU","BEV","CAR"
"CITROEN","E-C4 SHINE +","BEV","CAR"
"CITROEN","E-C4 SENSE +","BEV","CAR"
"CITROEN","E-C4 SHINE","BEV","CAR"
"CITROEN","E-C4 X SHINE","BEV","CAR"
"CITROEN","E-C4 X SHINE +","BEV","CAR"
"CITROEN","E-C4 X E-SERIES","BEV","CAR"
"CITROEN","E-DISPATCH 1000 ENTERPRISE PRO","BEV","LCV"
"CITROEN","E-BERLINGO FEEL","BEV","CAR"
"CITROËN","E-BERLINGO MAX","BEV","CAR"
"CITROËN","E-C4 SHINE +","BEV","CAR"
"CITROËN","E-C4 X E-SERIES","BEV","CAR"
"CITROËN","E-BERLINGO FEEL","BEV","CAR"
"CITROËN","E-C4 SHINE","BEV","CAR"
"CITROËN","E-C4 E-SERIES","BEV","CAR"
"CITROËN","E-C4 X SHINE","BEV","CAR"
"CITROËN","E-BERLINGO PLUS","BEV","CAR"
"CITROËN","E-BERLINGO 800 ENTERPRISE PRO","BEV","CAR"
"CUPRA","FORMENTOR VZ2 PHEV S-A","PHEV","CAR"
"CUPRA","BORN V1 EV","BEV","CAR"
"CUPRA","BORN V2 EV","BEV","CAR"
"CUPRA","BORN V3 EV","BEV","CAR"
"CUPRA","LEON VZ2 PHEV S-A","PHEV","CAR"
"CUPRA","FORMENTOR VZ1 PHEV S-A","PHEV","CAR"
"CUPRA","LEON FIRST EDITION PHEV S-A","PHEV","CAR"
"CUPRA","FORMENTOR V2 PHEV S-A","PHEV","CAR"
"CUPRA","FORMENTOR V1 PHEV S-A","PHEV","CAR"
"CUPRA","BORN VZ EV","BEV","CAR"
"CUPRA","LEON VZ3 DESGN EDITION PHEV SA","PHEV","CAR"
"CUPRA","LEON VZ2 DESGN EDITION PHEV SA","PHEV","CAR"
"CUPRA","LEON VZ3 PHEV S-A","PHEV","CAR"
"CUPRA","TAVASCAN V1 EV","BEV","CAR"
"DACIA","SPRING EXTREME EV","BEV","CAR"
"DS","DS 3 CROSSBACK ETENSE ELEGANCE","BEV","CAR"
"DS","DS 3 CROSSBACK LA PREMIERE EV","BEV","CAR"
"DS","DS 3 CROSSBACK LOUVRE EV","BEV","CAR"
"DS","DS 3 CROSSBACK PFRMNC LNE + EV","BEV","CAR"
"DS","DS 3 CROSSBACK PRFRMNC LINE EV","BEV","CAR"
"DS","DS 3 CROSSBACK ULTRA PRSTGE EV","BEV","CAR"
"DS","DS 3 CROSSBACK PRESTIGE EV","BEV","CAR"
"DS","DS 3 CROSSBACK RIVOLI EV","BEV","CAR"
"DS","DS3 OPERA E-TENSE EV","BEV","CAR"
"DS","DS3 PERFORMANCE LINE ETENSE EV","BEV","CAR"
"DS","DS3 PERFORMNCE LNE + ETENSE EV","BEV","CAR"
"DS","DS3 RIVOLI E-TENSE EV","BEV","CAR"
"DS","DS 3 CROSSBACK PFRMNC LNE","BEV","CAR"
"DS","DS 3 CROSSBACK PRFRMNC LINE","BEV","CAR"
"DS","DS 3 CROSSBACK BASTILLE EV","BEV","CAR"
"DS AUTOMOBILES","DS 3 CROSSBACK BASTILLE EV","BEV","CAR"
"DS AUTOMOBILES","DS 3 CROSSBACK ULTRA PRSTGE","BEV","CAR"
"DS AUTOMOBILES","DS 3 CROSSBACK LA PREMIERE","BEV","CAR"
"DS AUTOMOBILES","DS 3 CROSSBACK RIVOLI EV","BEV","CAR"
"FIAT","MOKKA GS EV","BEV","CAR"
"FIAT","500L","BEV","CAR"
"FIAT","600 D","BEV","CAR"
"FIAT","600E","BEV","CAR"
"FIAT","500E ICON","BEV","CAR"
"FIAT","500E LA PRIMA","BEV","CAR"
"FIAT","500E ACTION","BEV","CAR"
"FIAT","500E PASSION","BEV","CAR"
"FIAT","600E RED","BEV","CAR"
"FIAT","500E RED","BEV","CAR"
"FIAT","600E LA PRIMA","BEV","CAR"
"FIAT","500E","BEV","CAR"
"FIAT","I3","BEV","CAR"
"FORD","E-TRANSIT 350 LEADER","BEV","LCV"
"FORD","E-TRANSIT 350 TREND","BEV","LCV"
"FORD","E-TRANSIT 390 TREND","BEV","LCV"
"FORD","E-TRANSIT 425 TREND","BEV","CAR"
"FORD","MACH E COLEMAN MILNE AUTO","BEV","CAR"
"FORD","MUSTANG AUTO","BEV","CAR"
"FORD","MUSTANG MACH-E FST ED XRNG AWD","BEV","CAR"
"FORD","MUSTANG MACH-E PRM EXT RNG AWD","BEV","CAR"
"FORD","MUSTANG MACH-E PRM EXT RNG RWD","BEV","CAR"
"FORD","MUSTANG MACH-E SEL STD RNG RWD","BEV","CAR"
"FORD","TRANSIT","BEV","LCV"
"FORD","TRANSIT 100 T330S RWD","BEV","LCV"
"FORD","TRANSIT 100 T350L RWD","BEV","LCV"
"FORD","TRANSIT 100 T350M RWD","BEV","LCV"
"FORD","TRANSIT 100 T430EF RWD","BEV","LCV"
"FORD","TRANSIT 100D LWB","BEV","LCV"
"FORD","TRANSIT 115 T350EF RWD","BEV","LCV"
"FORD","TRANSIT 115 T350L RWD","BEV","LCV"
"FORD","TRANSIT 115 T350M RWD","BEV","LCV"
"FORD","TRANSIT 115 T460 RWD","BEV","LCV"
"FORD","TRANSIT 140 T460 RWD","BEV","LCV"
"FORD","TRANSIT 140 T460EL RWD","BEV","LCV"
"FORD","TRANSIT 190 LWB","BEV","LCV"
"FORD","TRANSIT 200 T350EL RWD","BEV","LCV"
"FORD","TRANSIT 350","BEV","LCV"
"FORD","MUSTANG MACH-E EXT RANGE RWD","BEV","CAR"
"FORD","MUSTANG MACH-E STD RANGE AWD","BEV","CAR"
"FORD","KUGA ST-LINE PHEV CVT","PHEV","CAR"
"FORD","KUGA BLACK PACKAGE ED PHEV CVT","PHEV","CAR"
"FORD","MUSTANG MACH-E STD RANGE RWD","BEV","CAR"
"FORD","MUSTANG MACH-E GT AWD","BEV","CAR"
"FORD","TRANSIT CONN T230 L90","BEV","LCV"
"FORD","MUSTANG MACH-E PRM EXT RNG","BEV","CAR"
"FORD","MUSTANG MACH-E FST ED XRNG","BEV","CAR"
"FORD","MUSTANG MACH-E EXT RANGE AWD","BEV","CAR"
"FORD","KUGA TITANIUM FRST ED PHEV CVT","PHEV","CAR"
"FORD","KUGA ST-LN X FIRST ED PHEV CVT","PHEV","CAR"
"FORD","KUGA ACTIVE PHEV CVT","PHEV","CAR"
"FORD","KUGA GRAPHITE TECH ED PHEV CVT","PHEV","CAR"
"FORD","KUGA ST-LINE EDITION PHEV CVT","PHEV","CAR"
"FORD","KUGA ST-LINE X ED PHEV","PHEV","CAR"
"FORD","KUGA ST-LINE FIRST ED PHEV CVT","PHEV","CAR"
"FORD","KUGA ST-LINE X ED PHEV CVT","PHEV","CAR"
"FORD","KUGA VIGNALE PHEV CVT","PHEV","CAR"
"FORD","KUGA ST-LINE X PHEV CVT","PHEV","CAR"
"FORD","KUGA TITANIUM PHEV CVT","PHEV","CAR"
"FORD","EXPLORER SELECT EV","BEV","CAR"
"FORD","MUSTANG MACH-E SEL STD RNG","BEV","CAR"
"FORD","EXPLORER PREMIUM EV","BEV","CAR"
"FORD","EXPLORER PREMIUM EV AWD","BEV","CAR"
"FORD","CAPRI SELECT EV","BEV","CAR"
"GENESIS","GV60 SPORT PLUS AWD","BEV","CAR"
"GENESIS","GV60 PREMIUM","BEV","CAR"
"GENESIS","GV60 SPORT AWD","BEV","CAR"
"GENESIS","GV70 SPORT E AWD","BEV","CAR"
"HONDA","ENY1 ADVANCE","BEV","CAR"
"HONDA","ENY1 ELEGANCE","BEV","CAR"
"HONDA","E ADVANCE","BEV","CAR"
"HYUNDAI","IONIQ 5 NAMSAN EDITION EV 4X4","BEV","CAR"
"HYUNDAI","IONIQ 5 PREMIUM EV 4X4","BEV","CAR"
"HYUNDAI","IONIQ 5 PROJECT 45 EV 4X4","BEV","CAR"
"HYUNDAI","IONIQ 6 FIRST EDITION EV 4X4","BEV","CAR"
"HYUNDAI","IONIQ 6 PREMIUM EV 4X4","BEV","CAR"
"HYUNDAI","IONIQ PREMIUM PHEV S-A","PHEV","CAR"
"HYUNDAI","IONIQ PREMIUM SE PHEV S-A","PHEV","CAR"
"HYUNDAI","KONA PREMIUM","BEV","CAR"
"HYUNDAI","KONA SE EV","BEV","CAR"
"HYUNDAI","KONA PREMIUM EV","BEV","CAR"
"HYUNDAI","IONIQ 5 ULTIMATE EV","BEV","CAR"
"HYUNDAI","KONA PREMIUM SE EV","BEV","CAR"
"HYUNDAI","IONIQ 5 PREMIUM EV","BEV","CAR"
"HYUNDAI","KONA ULTIMATE EV","BEV","CAR"
"HYUNDAI","IONIQ PREMIUM SE EV","BEV","CAR"
"HYUNDAI","KONA SE CONNECT EV","BEV","CAR"
"HYUNDAI","IONIQ 5 SE CONNECT EV","BEV","CAR"
"HYUNDAI","IONIQ 5 ULTIMATE EV 4X4","BEV","CAR"
"HYUNDAI","IONIQ 5 N EV 4X4","BEV","CAR"
"HYUNDAI","KONA N LINE S EV","BEV","CAR"
"HYUNDAI","KONA N LINE EV","BEV","CAR"
"HYUNDAI","IONIQ 6 PREMIUM EV","BEV","CAR"
"HYUNDAI","IONIQ 6 ULTIMATE EV","BEV","CAR"
"HYUNDAI","TUCSON ULTIMATE TGDI PHEV 4X4A","PHEV","CAR"
"HYUNDAI","IONIQ 5 NAMSAN EDITION EV","BEV","CAR"
"HYUNDAI","IONIQ 6 ULTIMATE EV 4X4","BEV","CAR"
"HYUNDAI","IONIQ 5 N LINE S","BEV","CAR"
"HYUNDAI","IONIQ PREMIUM EV","BEV","CAR"
"HYUNDAI","KONA ADVANCE EV","BEV","CAR"
"HYUNDAI","IONIQ 5 PROJECT 45 EV","BEV","CAR"
"HYUNDAI","TUCSON PREMIUM TGDI PHEV 4X4","PHEV","CAR"
"HYUNDAI","TUCSON PREMIUM TGDI PHEV 4X4 A","PHEV","CAR"
"HYUNDAI","TUCSON N LINE S TGDI PHEV 4X4A","PHEV","CAR"
"HYUNDAI","TUCSON N LINE T-GDI PHEV 4X4 A","PHEV","CAR"
"HYUNDAI","IONIQ 5 ADVANCE EV","BEV","CAR"
"HYUNDAI","IONIQ 6 FIRST EDITION EV","BEV","CAR"
"HYUNDAI","IONIQ 5 N LINE EV","BEV","CAR"
"HYUNDAI","TUCSON N LINE T-GDI PHEV","PHEV","CAR"
"HYUNDAI","IONIQ 9 ULTIMATE EV 4X4","BEV","CAR"
"HYUNDAI","INSTER 02 EV","BEV","CAR"
"JAGUAR","I-PACE R-DYNAMIC S","BEV","CAR"
"JAGUAR","I-PACE EV400 SE","BEV","CAR"
"JAGUAR","I-PACE EV400 HSE","BEV","CAR"
"JAGUAR","I-PACE R-DYNAMIC SE BLACK","BEV","CAR"
"JAGUAR","I-PACE HSE BLACK","BEV","CAR"
"JAGUAR","I-PACE EV400 FIRST EDITION","BEV","CAR"
"JAGUAR","I-PACE HSE","BEV","CAR"
"JAGUAR","I-PACE EV400 S","BEV","CAR"
"JAGUAR","I-PACE SE","BEV","CAR"
"JAGUAR","I-PACE SPORT","BEV","CAR"
"JAGUAR","I-PACE BLACK","BEV","CAR"
"JAGUAR","I-PACE S","BEV","CAR"
"JAGUAR","I-PACE R-DYNAMIC HSE BLACK","BEV","CAR"
"JEEP","AVENGER LONGITUDE EV","BEV","CAR"
"JEEP","AVENGER SUMMIT EV","BEV","CAR"
"JEEP","AVENGER ALTITUDE EV","BEV","CAR"
"JEEP","AVENGER 1ST EDITION EV","BEV","CAR"
"KIA","EV6 GT AWD","BEV","CAR"
"KIA","EV6 HORIZON","BEV","CAR"
"KIA","EV9 GT-LINE AWD","BEV","CAR"
"KIA","EV6 AIR","BEV","CAR"
"KIA","EV6 GT-LINE S","BEV","CAR"
"KIA","EV6 GT-LINE AWD","BEV","CAR"
"KIA","EV6 GT-LINE S AWD","BEV","CAR"
"KIA","EV9 AIR","BEV","CAR"
"KIA","NIRO 2 PHEV S-A","PHEV","CAR"
"KIA","NIRO 3 PHEV S-A","PHEV","CAR"
"KIA","NIRO FIRST EDITION EV","BEV","CAR"
"KIA","NIRO 4 PHEV S-A","PHEV","CAR"
"KIA","NIRO CONNECT PHEV S-A","PHEV","CAR"
"KIA","NIRO HORIZON EV","BEV","CAR"
"KIA","SOUL EV AUTO","BEV","CAR"
"KIA","NIRO 2 EV","BEV","CAR"
"KIA","NIRO 3 EV","BEV","CAR"
"KIA","NIRO 4 + EV","BEV","CAR"
"KIA","SOUL MAXX EV","BEV","CAR"
"KIA","SPORTAGE 3 PHEV 4X4 AUTO","PHEV","CAR"
"KIA","EV9 GT-LINE S AWD","BEV","CAR"
"KIA","SOUL URBAN EV","BEV","CAR"
"KIA","EV3 GT-LINE S","BEV","CAR"
"KIA","EV3 AIR","BEV","CAR"
"KIA","EV3 GT-LINE","BEV","CAR"
"KIA","SOUL EXPLORE EV","BEV","CAR"
"KIA","EV6 GT-LINE","BEV","CAR"
"KIA","NIRO 4 EV","BEV","CAR"
"KIA","SOUL FIRST EDITION EV","BEV","CAR"
"KIA","SPORTAGE GT-LINE PHEV 4X4 AUTO","PHEV","CAR"
"KIA","SPORTAGE 4 PHEV 4X4 AUTO","PHEV","CAR"
"KIA","SPORTAGE GT-LINE S PHEV 4X4 A","PHEV","CAR"
"KIA","SPORTAGE GT-LINE S PHEV 4X4","PHEV","CAR"
"MAZDA","MX-30 MAKOTO PHEV AUTO","PHEV","CAR"
"MAZDA","MX-30 SPORT LUX EV","BEV","CAR"
"MAZDA","MX-30 EXCLUSIVE-LINE EV","BEV","CAR"
"MAZDA","MX-30 100TH ANNIVERSARY ED EV","BEV","CAR"
"MAZDA","MX-30 PRIME-LINE PHEV AUTO","PHEV","CAR"
"MAZDA","CX-60 EXCLUSIVE-LINE PHEV AUTO","PHEV","CAR"
"MAZDA","MX-30 EDITION R PHEV AUTO","PHEV","CAR"
"MAZDA","MX-30 EXCLUSIVE-LINE PHEV AUTO","PHEV","CAR"
"MAZDA","CX-60 TAKUMI PHEV AUTO","PHEV","CAR"
"MAZDA","MX-30 SE-L LUX EV","BEV","CAR"
"MAZDA","MX-30 FIRST EDITION EV","BEV","CAR"
"MAZDA","MX-30 PRIME-LINE EV","BEV","CAR"
"MAZDA","MX-30 GT SPORT TECH EV","BEV","CAR"
"MAZDA","CX-60 HOMURA PHEV AUTO","PHEV","CAR"
"MAZDA","MX-30 MAKOTO EV","BEV","CAR"
"MERCEDES","C 300 AMG LINE E 4MATIC AUTO","PHEV","CAR"
"MERCEDES","C 300 AMG LINE ED PREMIUM E A","PHEV","CAR"
"MERCEDES","C 300 SPORT EDITION E AUTO","PHEV","CAR"
"MERCEDES","C 300 AMG LINE ED PREM + E A","PHEV","CAR"
"MERCEDES","C 300 E AMG LINE PREMIUM + A","PHEV","CAR"
"MERCEDES","C 300 AMG LINE PREMIUM E 4M A","PHEV","CAR"
"MERCEDES","C 300 E AMG LINE AUTO","PHEV","CAR"
"MERCEDES","C 300 E AMG LINE PREMIUM AUTO","PHEV","CAR"
"MERCEDES","C 300 SPORT EDITION PREM E A","PHEV","CAR"
"MERCEDES","C 300 AMG LINE EDITION E AUTO","PHEV","CAR"
"MERCEDES","CLA 250 AMG LINE EXECUTIVE","PHEV","CAR"
"MERCEDES","A 250 AMG LN PREM","PHEV","CAR"
"MERCEDES","A 250 AMG LINE EDITION","PHEV","CAR"
"MERCEDES","A 250 AMG LINE E AUTO","PHEV","CAR"
"MERCEDES","A 250 SPORT E AUTO","PHEV","CAR"
"MERCEDES","A 250 SPORT EDITION E AUTO","PHEV","CAR"
"MERCEDES","A 250 AMG LINE PREMIUM E AUTO","PHEV","CAR"
"MERCEDES","A 250 AMG LINE ED PREMIUM+ E A","PHEV","CAR"
"MERCEDES","A 250 AMG LN PREM + NGT ED E A","PHEV","CAR"
"MERCEDES","A 250 AMG LINE EDITION E AUTO","PHEV","CAR"
"MERCEDES","A 250 AMG LINE EXECUTIVE E A","PHEV","CAR"
"MERCEDES","A 250 AMG LINE ED EXECUTVE E A","PHEV","CAR"
"MERCEDES","A 250 AMG LINE PREMIUM + E A","PHEV","CAR"
"MERCEDES","A 250 AMG LINE ED PREMIUM E A","PHEV","CAR"
"MERCEDES","C 350 E AMG LINE PREMIUM AUTO","PHEV","CAR"
"MERCEDES","C 350 E AMG LINE AUTO","PHEV","CAR"
"MERCEDES","C350 SPORT E AUTO","PHEV","CAR"
"MERCEDES","C350 SPORT PREMIUM E AUTO","PHEV","CAR"
"MERCEDES","C 350 E AMG LINE PREMIUM + A","PHEV","CAR"
"MERCEDES","C350 SPORT PREMIUM + E AUTO","PHEV","CAR"
"MERCEDES","EQB 250+ AMG LINE PREMIUM","BEV","CAR"
"MERCEDES","EQA 300 AMG LINE EXECUTIVE 4M","BEV","CAR"
"MERCEDES","EQA 300 AMG LINE PREMIUM + 4M","BEV","CAR"
"MERCEDES","EQA 300 AMG LNE PREMIUM 4MATIC","BEV","CAR"
"MERCEDES","EQA 350 AMG LINE EXECUTIVE 4M","BEV","CAR"
"MERCEDES","EQA 350 AMG LINE PREMIUM + 4M","BEV","CAR"
"MERCEDES","EQA 350 AMG LNE PREMIUM 4MATIC","BEV","CAR"
"MERCEDES","EQB 250 AMG LINE PREMIUM +","BEV","CAR"
"MERCEDES","EQA 350 AMG LINE 4MATIC","BEV","CAR"
"MERCEDES","EQA 250 AMG LINE","BEV","CAR"
"MERCEDES","EQA 250 SPORT","BEV","CAR"
"MERCEDES","CLA 250 AMG LINE PREMIUM E A","PHEV","CAR"
"MERCEDES","EQA 250+ SPORT","BEV","CAR"
"MERCEDES","EQA 300 AMG LINE 4MATIC","BEV","CAR"
"MERCEDES","EQA 250+ AMG LINE PREMIUM","BEV","CAR"
"MERCEDES","EQB 250+ AMG LINE PREMIUM +","BEV","CAR"
"MERCEDES","EQB 250+ AMG LINE EXECUTIVE","BEV","CAR"
"MERCEDES","EQB 250+ SPORT EXECUTIVE","BEV","CAR"
"MERCEDES","E 300 SE PREMIUM E AUTO","PHEV","CAR"
"MERCEDES","E 300 SE E AUTO","PHEV","CAR"
"MERCEDES","E 300 AMG LINE PREMIUM E AUTO","PHEV","CAR"
"MERCEDES","E 300 AMG LINE EDITION E AUTO","PHEV","CAR"
"MERCEDES","EQB 300 AMG LINE EXECUTIVE 4M","BEV","CAR"
"MERCEDES","EQB 300 AMG LINE PREMIUM + 4M","BEV","CAR"
"MERCEDES","EQB 300 AMG LNE PREMIUM 4MATIC","BEV","CAR"
"MERCEDES","EQB 350 AMG LINE EXECUTIVE 4M","BEV","CAR"
"MERCEDES","EQB 350 AMG LINE PREMIUM + 4M","BEV","CAR"
"MERCEDES","EQB 350 AMG LNE PREMIUM 4MATIC","BEV","CAR"
"MERCEDES","EQC 400 AMG LINE EDITION 4MATC","BEV","CAR"
"MERCEDES","EQC 400 AMG LINE PREMIUM + 4M","BEV","CAR"
"MERCEDES","EQC 400 AMG LINE PREMIUM 4M","BEV","CAR"
"MERCEDES","EQC 400 EDITION 1 4MATIC","BEV","CAR"
"MERCEDES","EQC 400 SPORT 4MATIC","BEV","CAR"
"MERCEDES","EQC 400 EDITION 1886 4MATIC","BEV","CAR"
"MERCEDES","EQB 300 AMG LINE 4MATIC","BEV","CAR"
"MERCEDES","EQB 350 AMG LINE 4MATIC","BEV","CAR"
"MERCEDES","GLA 250 AMG LINE EXECUTIVE E A","PHEV","CAR"
"MERCEDES","GLA 250 AMG LINE PREMIUM + E A","PHEV","CAR"
"MERCEDES","GLA 250 AMG LINE PREMIUM E A","PHEV","CAR"
"MERCEDES","GLA 250 AMG LN PRM+ NGT ED E A","PHEV","CAR"
"MERCEDES","GLA 250 EXCLSIVE ED PREM + E A","PHEV","CAR"
"MERCEDES","GLA 250 EXCLUSIVE ED PREM E A","PHEV","CAR"
"MERCEDES","GLA 250 EXCLUSIVE EDITION E A","PHEV","CAR"
"MERCEDES","GLE 350 AMG LINE PREM+ DE 4M A","PHEV","CAR"
"MERCEDES","GLE 350 AMG LINE PREM DE 4M A","PHEV","CAR"
"MERCEDES","GLC 300 AMG LINE E","PHEV","CAR"
"MERCEDES","EQA 250+ AMG LINE","BEV","CAR"
"MERCEDES","EQC 400 AMG LINE 4MATIC","BEV","CAR"
"MERCEDES","EQC 400 AMG LINE PREMIUM","BEV","CAR"
"MERCEDES","GLC 300 AMG LINE DE","PHEV","CAR"
"MERCEDES","EQA 250 AMG LINE PREMIUM","BEV","CAR"
"MERCEDES","EQA 350 AMG LINE PREMIUM","BEV","CAR"
"MERCEDES","A 250 AMG LINE PREMIUM","PHEV","CAR"
"MERCEDES","EQB 300 AMG LNE PREMIUM","BEV","CAR"
"MERCEDES","GLA 250 EXCLSIVE ED PREM","PHEV","CAR"
"MERCEDES","EQA 250+ AMG LINE EXECUTIVE","BEV","CAR"
"MERCEDES","EQA 300 AMG LINE EXECUTIVE","BEV","CAR"
"MERCEDES","C 350 E AMG LINE","PHEV","CAR"
"MERCEDES","A 250 AMG LINE EXECUTIVE","PHEV","CAR"
"MERCEDES","CLA 250 AMG LINE PREMIUM + E A","PHEV","CAR"
"MERCEDES","CLA 250 AMG LN PRM+ NGT ED E A","PHEV","CAR"
"MERCEDES","CLA 250 AMG LINE E AUTO","PHEV","CAR"
"MERCEDES","CLA 250 AMG LINE EXECUTIVE E A","PHEV","CAR"
"MERCEDES","EQA 350 AMG LNE PREMIUM","BEV","CAR"
"MERCEDES","EQA 300 AMG LNE PREMIUM","BEV","CAR"
"MERCEDES","EQB 350 AMG LNE PREMIUM","BEV","CAR"
"MERCEDES","GLA 250 EXCLUSIVE ED PREM","PHEV","CAR"
"MERCEDES","E 300 AMG LINE DE","PHEV","CAR"
"MERCEDES","CLA 250 AMG LINE PREMIUM","PHEV","CAR"
"MERCEDES","A 250 AMG LINE ED","PHEV","CAR"
"MERCEDES","E 300 AMG LINE ADVANCED E AUTO","PHEV","CAR"
"MERCEDES","E 300 AMG LINE PREMIUM E 4M A","PHEV","CAR"
"MERCEDES","E 300 AMG LINE E AUTO","PHEV","CAR"
"MERCEDES","E 300 AMG LINE PREMIUM+ E 4M A","PHEV","CAR"
"MERCEDES","E 300 SE PREMIUM + E AUTO","PHEV","CAR"
"MERCEDES","E 300 AMG LNE NGT ED PREM+ E A","PHEV","CAR"
"MERCEDES","E 300 AMG LINE PREMIUM + E A","PHEV","CAR"
"MERCEDES","A 250 AMG LINE E","PHEV","CAR"
"MG","5 SE","BEV","CAR"
"MG","4 TROPHY","BEV","CAR"
"MG","4 TROPHY EXTENDED RANGE","BEV","CAR"
"MG","HS TROPHY PHEV AUTO","PHEV","CAR"
"MG","5 EXCITE","BEV","CAR"
"MG","5 TROPHY","BEV","CAR"
"MG","4 XPOWER","BEV","CAR"
"MG","ZS EXCITE EV","BEV","CAR"
"MG","ZS SE EV","BEV","CAR"
"MG","ZS TROPHY EV","BEV","CAR"
"MG","ZS TROPHY CONNECT EV","BEV","CAR"
"MG","ZS EXCLUSIVE EV","BEV","CAR"
"MG","4 SE","BEV","CAR"
"MG","5 EXCLUSIVE","BEV","CAR"
"MG","HS EXCITE PHEV AUTO","PHEV","CAR"
"MG","HS SE PHEV AUTO","PHEV","CAR"
"MG","HS EXCLUSIVE PHEV AUTO","PHEV","CAR"
"MG","MG S5 TROPHY EV","BEV","CAR"
"MG","IM6 LAUNCH EDITION AWD","PHEV","CAR"
"MINI","C-MAN CLASSIC S ELECTRIC ALL4","BEV","CAR"
"MINI","C-MAN COOPER S E ALL4 CLASSC A","PHEV","CAR"
"MINI","C-MAN COOPER S E ALL4 EXC A","PHEV","CAR"
"MINI","C-MAN COOPER S E ALL4 SPORT A","PHEV","CAR"
"MINI","C-MAN COOPR S E ALL4 SHDW ED A","PHEV","CAR"
"MINI","C-MAN EXCLSVE S ELECTRC ALL4","BEV","CAR"
"MINI","C-MAN SPORT S ELECTRIC ALL4","BEV","CAR"
"MINI","CMAN COOPR S E ALL4 UNTMD ED A","PHEV","CAR"
"MINI","COOPER S ELECTRIC MULTITONE ED","BEV","CAR"
"MINI","COOPER SE ELECTRIC","BEV","CAR"
"MINI","COUNTRYMAN CLASSIC ELECTRIC","BEV","CAR"
"MINI","COUNTRYMAN COOPER S E ALL4 A","PHEV","CAR"
"MINI","COUNTRYMAN EXCLUSIVE ELECTRIC","BEV","CAR"
"MINI","COUNTRYMAN SPORT ELECTRIC","BEV","CAR"
"MINI","MINI COOPER CLASSIC ELECTRIC","BEV","CAR"
"MINI","MINI COOPER EXCLUSIVE ELECTRIC","BEV","CAR"
"MINI","MINI COOPER SE CLASSIC E","BEV","CAR"
"MINI","MINI COOPER SE EXCLUSIVE E","BEV","CAR"
"MINI","MINI COOPER SE SPORT ELECTRIC","BEV","CAR"
"MINI","MINI COOPER SPORT ELECTRIC","BEV","CAR"
"MINI","COOPER S ELECTRIC LEVEL 3","BEV","CAR"
"MINI","COOPER S ELECTRIC LEVEL 1","BEV","CAR"
"MINI","COOPER S ELECTRIC RESOLUTE ED","BEV","CAR"
"MINI","COOPER S ELECTRIC COLLECTION","BEV","CAR"
"MINI","COOPER S ELECTRIC SHADOW ED","BEV","CAR"
"MINI","C-MAN COOPER S E ALL4","PHEV","CAR"
"MINI","COOPER S ELECTRIC LEVEL 2","BEV","CAR"
"MINI","COUNTRYMAN COOPER S E ALL4","PHEV","CAR"
"NISSAN","ARIYA ADVANCE E-4ORCE","BEV","CAR"
"NISSAN","ARIYA EVOLVE + E-4ORCE","BEV","CAR"
"NISSAN","TOWNSTAR TEKNA EV","BEV","LCV"
"NISSAN","EAGLE ATHENA LEAF","BEV","CAR"
"NISSAN","LEAF 3.ZERO","BEV","CAR"
"NISSAN","LEAF ACENTA +","BEV","CAR"
"NISSAN","LEAF ACENTA 30KWH","BEV","CAR"
"NISSAN","LEAF ACENTA FLEX","BEV","CAR"
"NISSAN","LEAF ACENTA FLEX +","BEV","CAR"
"NISSAN","LEAF E + N-TEC","BEV","CAR"
"NISSAN","LEAF SHIRO","BEV","CAR"
"NISSAN","LEAF TEKNA 24KWH","BEV","CAR"
"NISSAN","LEAF TEKNA FLEX","BEV","CAR"
"NISSAN","LEAF TEKNA FLEX 30KWH","BEV","CAR"
"NISSAN","LEAF VISIA","BEV","CAR"
"NISSAN","LEAF VISIA +","BEV","CAR"
"NISSAN","LEAF VISIA 24KWH","BEV","CAR"
"NISSAN","LEAF VISIA FLEX","BEV","CAR"
"NISSAN","LEAF VISIA FLEX +","BEV","CAR"
"NISSAN","TOWNSTAR TEKNA + EV","BEV","LCV"
"NISSAN","LEAF N-CONNECTA","BEV","CAR"
"NISSAN","LEAF ACENTA","BEV","CAR"
"NISSAN","LEAF TEKNA","BEV","CAR"
"NISSAN","LEAF 10","BEV","CAR"
"NISSAN","LEAF E + N-CONNECTA","BEV","CAR"
"NISSAN","LEAF","BEV","CAR"
"NISSAN","LEAF TEKNA 30KWH","BEV","CAR"
"NISSAN","ARIYA ENGAGE","BEV","CAR"
"NISSAN","ARIYA EVOLVE","BEV","CAR"
"NISSAN","E-NV200 ACENTA","BEV","CAR"
"NISSAN","ARIYA ADVANCE","BEV","CAR"
"NISSAN","TOWNSTAR ACENTA EV","BEV","LCV"
"NISSAN","LEAF BLACK EDITION","BEV","CAR"
"NISSAN","LEAF E + 3.ZERO","BEV","CAR"
"NISSAN","LEAF ACENTA 24KWH","BEV","CAR"
"NISSAN","E-NV200 EVALIA TEKNA RAPID +","BEV","CAR"
"NISSAN","TOWNSTAR VISIA EV","BEV","LCV"
"NISSAN","LEAF 2.ZERO","BEV","CAR"
"NISSAN","LEAF E + TEKNA","BEV","CAR"
"NISSAN","ARIYA EVOLVE E-4ORCE","BEV","CAR"
"OMODA","E5 COMFORT","BEV","CAR"
"OMODA","9 NOBLE PHEV AUTO","PHEV","CAR"
"ORA","FUNKY CAT FIRST EDITION","BEV","CAR"
"ORA","FUNKY CAT 400 PRO +","BEV","CAR"
"ORA","FUNKY CAT FIRST EDITION +","BEV","CAR"
"ORA","03 PURE +","BEV","CAR"
"PEUGEOT","508 ALLURE PREMIUM S/S PHEV A","PHEV","CAR"
"PEUGEOT","508 GT LINE ED SW S/S PHEV A","PHEV","CAR"
"PEUGEOT","508 GT PREMIUM SW S/S PHEV A","PHEV","CAR"
"PEUGEOT","508 PSE S/S PHEV AUTO","PHEV","CAR"
"PEUGEOT","508 GT S/S PHEV AUTO","PHEV","CAR"
"PEUGEOT","508 GT SW S/S PHEV AUTO","PHEV","CAR"
"PEUGEOT","508 GT LINE S/S PHEV AUTO","PHEV","CAR"
"PEUGEOT","508 GT LINE EDITION S/S PHEV A","PHEV","CAR"
"PEUGEOT","508 ALLURE EDITION S/S PHEV A","PHEV","CAR"
"PEUGEOT","3008 GT S/S PHEV AUTO","PHEV","CAR"
"PEUGEOT","2008 ACTIVE EV","BEV","CAR"
"PEUGEOT","2008 ALLURE BLUEHDI S/S","BEV","CAR"
"PEUGEOT","2008 FIRST EDITION EV","BEV","CAR"
"PEUGEOT","208 ACTIVE EV","BEV","CAR"
"PEUGEOT","208 ACTIVE PREMIUM + EV","BEV","CAR"
"PEUGEOT","208 ALLURE","BEV","CAR"
"PEUGEOT","308 GT PREMIUM S/S PHEV AUTO","PHEV","CAR"
"PEUGEOT","308 ALLURE S/S PHEV AUTO","PHEV","CAR"
"PEUGEOT","308 GT S/S PHEV AUTO","PHEV","CAR"
"PEUGEOT","308 GT SW S/S PHEV AUTO","PHEV","CAR"
"PEUGEOT","308 GT PREMIUM SW SS PHEV AUTO","PHEV","CAR"
"PEUGEOT","308 ALLURE PREMIUM S/S PHEV A","PHEV","CAR"
"PEUGEOT","208 ALLURE PREMIUM + EV","BEV","CAR"
"PEUGEOT","208 ACTIVE PREMIUM EV","BEV","CAR"
"PEUGEOT","208 GT PREMIUM EV","BEV","CAR"
"PEUGEOT","2008 GT EV","BEV","CAR"
"PEUGEOT","208 GT EV","BEV","CAR"
"PEUGEOT","2008 ACTIVE PREMIUM EV","BEV","CAR"
"PEUGEOT","208 E-STYLE EV","BEV","CAR"
"PEUGEOT","308 GT EV","BEV","CAR"
"PEUGEOT","2008 ALLURE PREMIUM + EV","BEV","CAR"
"PEUGEOT","208 ALLURE PREMIUM EV","BEV","CAR"
"PEUGEOT","208 ALLURE EV","BEV","CAR"
"PEUGEOT","2008 GT PREMIUM EV","BEV","CAR"
"PEUGEOT","2008 GT LINE EV","BEV","CAR"
"PEUGEOT","2008 ALLURE EV","BEV","CAR"
"PEUGEOT","2008 ALLURE PREMIUM EV","BEV","CAR"
"PEUGEOT","3008 ALLURE EV","BEV","CAR"
"PEUGEOT","208 GT LINE EV","BEV","CAR"
"PEUGEOT","2008 ACTIVE PREMIUM + EV","BEV","CAR"
"PEUGEOT","508 ALLURE S/S PHEV AUTO","PHEV","CAR"
"PEUGEOT","508 ALLURE PREM SW S/S PHEV A","PHEV","CAR"
"PEUGEOT","508 ALLURE SW S/S PHEV AUTO","PHEV","CAR"
"PEUGEOT","508 PSE SW S/S PHEV AUTO","PHEV","CAR"
"PEUGEOT","E-TRAVELLER ACTIVE","BEV","CAR"
"PEUGEOT","E-TRAVELLER BUSINESS","BEV","CAR"
"PEUGEOT","E-TRAVELLER BUSINESS VIP","BEV","CAR"
"PEUGEOT","E-TRAVELLER COMBI","BEV","CAR"
"PEUGEOT","EXPERT ASPHALT L1 EV","BEV","LCV"
"PEUGEOT","EXPERT ASPHALT PREMIUM + L1 EV","BEV","LCV"
"PEUGEOT","EXPERT ASPHALT PREMIUM + L2 EV","BEV","LCV"
"PEUGEOT","EXPERT E7 TAXI","BEV","CAR"
"PEUGEOT","EXPERT HDI LWB","BEV","LCV"
"PEUGEOT","EXPERT PROFESSIONAL EV","BEV","LCV"
"PEUGEOT","EXPERT PROFESSIONAL L2 EV","BEV","LCV"
"PEUGEOT","EXPERT PROFESSIONAL MEDIUM EV","BEV","LCV"
"PEUGEOT","EXPERT PROFESSIONAL PREMIUM EV","BEV","LCV"
"PEUGEOT","EXPERT PROFESSIONL PREM+ L2 EV","BEV","LCV"
"PEUGEOT","EXPERT S EV","BEV","LCV"
"PEUGEOT","EXPERT S L1 EV","BEV","LCV"
"PEUGEOT","EXPERT S L2 EV","BEV","LCV"
"PEUGEOT","EXPERT TEPEE COMFORT 9S","BEV","CAR"
"PEUGEOT","PARTNER 850 S HDI 90","BEV","LCV"
"PEUGEOT","PARTNER ASPHALT L1 BLUEHDI","BEV","LCV"
"PEUGEOT","PARTNER ASPHALT LONG EV","BEV","LCV"
"PEUGEOT","PARTNER ASPHALT PREMIUM L1 EV","BEV","LCV"
"PEUGEOT","PARTNER ASPHALT STANDARD EV","BEV","LCV"
"PEUGEOT","PARTNER ELECTRIC","BEV","LCV"
"PEUGEOT","PARTNER PRFESSIONL STANDARD EV","BEV","LCV"
"PEUGEOT","PARTNER PROFESSIONAL L1 BHDI","BEV","LCV"
"PEUGEOT","PARTNER PROFESSIONAL L2 BHDI","BEV","LCV"
"PEUGEOT","PARTNER PROFESSIONAL L2 BHDI A","BEV","LCV"
"PEUGEOT","PARTNER PROFESSIONAL LONG EV","BEV","LCV"
"PEUGEOT","PARTNER PROFESSIONAL PREM + EV","BEV","LCV"
"PEUGEOT","PARTNER PROFESSIONL PREM L1 EV","BEV","LCV"
"PEUGEOT","PARTNER ASPHALT PREMIUM + EV","BEV","LCV"
"PEUGEOT","EXPERT PROFESSIONL PREM+ L1 EV","BEV","LCV"
"PEUGEOT","EXPERT PROFESSIONAL L1 EV","BEV","LCV"
"PEUGEOT","E-TRAVELLER ALLURE","BEV","CAR"
"PEUGEOT","3008 GT S/S PHEV 4X4","PHEV","CAR"
"PEUGEOT","PARTNER PROFESSIONL PREM L2 EV","BEV","LCV"
"PEUGEOT","PARTNER S L2 BLUEHDI","BEV","LCV"
"PEUGEOT","PARTNER S L2 EV","BEV","LCV"
"PEUGEOT","PARTNER SE L1 ELECTRIC","BEV","LCV"
"PEUGEOT","PARTNER SE L1 EV","BEV","LCV"
"PEUGEOT","PARTNER SE L2 ELECTRIC","BEV","LCV"
"PEUGEOT","PARTNER SE L2 EV","BEV","LCV"
"PEUGEOT","PARTNER TEPEE ACTIVE BEV","BEV","CAR"
"PEUGEOT","PARTNER TEPEE ALLURE","BEV","CAR"
"PEUGEOT","PARTNER TEPEE S HDI","BEV","CAR"
"PEUGEOT","RIFTER GT EV","BEV","CAR"
"PEUGEOT","RIFTER GT LINE PURETECH S/S","BEV","CAR"
"PEUGEOT","RIFTER ALLURE PREM B-HDI S/S A","BEV","CAR"
"PEUGEOT","RIFTER ALLURE PREMIUM EV","BEV","CAR"
"PEUGEOT","RIFTER ALLURE EV","BEV","CAR"
"PEUGEOT","E-C4 SHINE +","BEV","CAR"
"PEUGEOT","3008 GT EV","BEV","CAR"
"PEUGEOT","408 ALLURE S/S PHEV AUTO","PHEV","CAR"
"PEUGEOT","408 FIRST EDITION S/S PHEV A","PHEV","CAR"
"PEUGEOT","408 ALLURE PREMIUM S/S PHEV A","PHEV","CAR"
"PEUGEOT","408 GT S/S PHEV AUTO","PHEV","CAR"
"PEUGEOT","308 TECH ED SW BLUEHDI","PHEV","CAR"
"PEUGEOT","508 GT SW S/S PHEV","PHEV","CAR"
"PEUGEOT","E-5008 GT","BEV","CAR"
"PEUGEOT","3008 ALLURE S/S PHEV AUTO","PHEV","CAR"
"PEUGEOT","508 ALLURE PREMIUM S/S PHEV","PHEV","CAR"
"POLESTAR","POLESTAR 2 BST ED 230 EV AWD","BEV","CAR"
"POLESTAR","POLESTAR 2 BST ED 270 EV AWD","BEV","CAR"
"POLESTAR","POLESTAR 2 PILOT PLUS EV AWD","BEV","CAR"
"POLESTAR","POLESTAR 2 EV FWD","BEV","CAR"
"POLESTAR","POLESTAR 2 PLUS EV FWD","BEV","CAR"
"POLESTAR","POLESTAR 2 EV RWD","BEV","CAR"
"POLESTAR","POLESTAR 2 EV AWD","BEV","CAR"
"POLESTAR","POLESTAR 2 PLUS EV RWD","BEV","CAR"
"POLESTAR","POLESTAR 2 PLUS EV AWD","BEV","CAR"
"POLESTAR","POLESTAR 2 PILOT PLUS EV","BEV","CAR"
"POLESTAR","2 LONG RANGE DUAL MOTOR","BEV","CAR"
"POLESTAR","POLESTAR 2 BST ED 270","BEV","CAR"
"PORSCHE","TAYCAN 4S","BEV","CAR"
"PORSCHE","TAYCAN 4S 79KWH","BEV","CAR"
"PORSCHE","CAYENNE TURBO S E-HYBRID AUTO","PHEV","CAR"
"PORSCHE","TAYCAN 4 CROSS TURISMO","BEV","CAR"
"PORSCHE","TAYCAN 4S CROSS TURISMO","BEV","CAR"
"PORSCHE","TAYCAN GTS","BEV","CAR"
"PORSCHE","TAYCAN GTS SPORT TURISMO","BEV","CAR"
"PORSCHE","TAYCAN SPORT TURISMO 4X2","BEV","CAR"
"PORSCHE","TAYCAN TURBO CROSS TURISMO","BEV","CAR"
"PORSCHE","TAYCAN TURBO GT","BEV","CAR"
"PORSCHE","TAYCAN TURBO S","BEV","CAR"
"PORSCHE","TAYCAN TURBO S CROSS TURISMO","BEV","CAR"
"PORSCHE","TAYCAN TURBO S SPORT TURISMO","BEV","CAR"
"PORSCHE","TAYCAN TURBO SPORT TURISMO","BEV","CAR"
"PORSCHE","TAYCAN 4S SPORT TURISMO","BEV","CAR"
"PORSCHE","TAYCAN 4X2","BEV","CAR"
"PORSCHE","TAYCAN TURBO","BEV","CAR"
"PORSCHE","CAYENNE TURBO GT E-HYBRID AUTO","PHEV","CAR"
"PORSCHE","CAYENNE V6 S E-HYBRID AUTO","PHEV","CAR"
"PORSCHE","CAYENNE V6 E-HYBRID AUTO","PHEV","CAR"
"PORSCHE","CAYENNE TURBO E-HYBRID AUTO","PHEV","CAR"
"PORSCHE","CAYENNE S E-HYBRID TIPTRONIC A","PHEV","CAR"
"PORSCHE","CAYENNE S E-HYBRID TIPTRONIC","PHEV","CAR"
"PORSCHE","CAYENNE V6 PLATINUM ED EHYB A","PHEV","CAR"
"PORSCHE","TAYCAN 4S 93KWH","BEV","CAR"
"RENAULT","RAFALE ATELIER ALPNE PHEV 4X4A","BEV","CAR"
"RENAULT","ZOE RIVIERA LTD RPD CHRGE","BEV","CAR"
"RENAULT","5 ICONIC E-TECH EV","BEV","CAR"
"RENAULT","CAPTUR S EDITION E-TECH PHEV A","PHEV","CAR"
"RENAULT","ZOE BUSINESS + EV 50","BEV","LCV"
"RENAULT","ZOE BUSINESS EV 50","BEV","LCV"
"RENAULT","ZOE BUSINESS+ RAPID CHRGE EV50","BEV","LCV"
"RENAULT","ZOE GT ED RAPID CHARGE EV 50","BEV","CAR"
"RENAULT","ZOE GT LINE + RAPID CHRGE EV50","BEV","CAR"
"RENAULT","ZOE GT LINE RAPID CHARGE EV 50","BEV","CAR"
"RENAULT","ZOE GT RAPID CHARGE EV 50","BEV","CAR"
"RENAULT","ZOE I GT LINE ZE 50","BEV","CAR"
"RENAULT","ZOE I GT LN RAPID CHARGE ZE 50","BEV","CAR"
"RENAULT","ZOE I ICONC RAPID CHARGE ZE 50","BEV","CAR"
"RENAULT","ZOE I PLAY ZE 50","BEV","CAR"
"RENAULT","ZOE DYN NAV QUICK CHRG ZE 40 A","BEV","CAR"
"RENAULT","ZOE I S EDITION NAV ZE 40 AUTO","BEV","CAR"
"RENAULT","ZOE I DYNAMIQUE NAV ZE 40 AUTO","BEV","CAR"
"RENAULT","ZOE DYNAMIQUE NAV ZE 40 AUTO","BEV","CAR"
"RENAULT","ZOE I DYN NAV QUICK CH ZE 40 A","BEV","CAR"
"RENAULT","ZOE I BNESS+ RAPID CHARGE ZE50","BEV","LCV"
"RENAULT","ZOE I B-NESS RAPID CHARGE ZE50","BEV","LCV"
"RENAULT","ZOE I BUSINESS ZE 50","BEV","LCV"
"RENAULT","ZOE I BUSINESS + ZE 50","BEV","LCV"
"RENAULT","ZOE I SIGN NAV QUIK CH ZE40 A","BEV","CAR"
"RENAULT","SCENIC ESPRIT ALPINE E-TECH EV","BEV","CAR"
"RENAULT","SCENIC TECHNO E-TECH EV","BEV","CAR"
"RENAULT","ZOE BUSINESS RAPID CHARGE EV50","BEV","LCV"
"RENAULT","ZOE DYNAMIQUE NAV AUTO","BEV","CAR"
"RENAULT","ZOE DYNAMIQUE INTENS AUTO","BEV","CAR"
"RENAULT","ZOE I ICONIC ZE 50","BEV","CAR"
"RENAULT","SCENIC ICONIC E-TECH EV","BEV","CAR"
"RENAULT","ZOE PLAY EV 50","BEV","CAR"
"RENAULT","ZOE I VENTURE ED RAPID CH ZE50","BEV","CAR"
"RENAULT","ZOE ICONIC BOOST CHARGE EV 50","BEV","CAR"
"RENAULT","ZOE ICONIC EV 50","BEV","CAR"
"RENAULT","ZOE ICONIC RAPID CHARGE EV 50","BEV","CAR"
"RENAULT","ZOE RIVIERA LTD RPD CHRGE EV50","BEV","CAR"
"RENAULT","ZOE S EDITION RAPID CHRGE EV50","BEV","CAR"
"RENAULT","ZOE SE RAPID CHARGE EV 50","BEV","CAR"
"RENAULT","ZOE TECHNO BOOST CHARGE EV 50","BEV","CAR"
"RENAULT","ZOE TECHNO EV 50","BEV","CAR"
"RENAULT","ZOE SIGN NAV QUICK CHG ZE 40 A","BEV","CAR"
"RENAULT","ZOE GT RAPID CHARGE EV","BEV","CAR"
"RENAULT","ZOE GT LINE + RAPID","BEV","CAR"
"RENAULT","ZOE GT ED RAPID CHARGE","BEV","CAR"
"RENAULT","ZOE ICONIC RAPID CHARGE EV","BEV","CAR"
"RENAULT","ZOE I GT LINE ZE","BEV","CAR"
"RENAULT","ZOE I ICONC RAPID CHARGE","BEV","CAR"
"RENAULT","MEGANE TECHNO+ EV","BEV","CAR"
"RENAULT","MEGANE TECHNO COMFORT RANGE EV","BEV","CAR"
"RENAULT","ZOE S EDITION NAV ZE 40 AUTO","BEV","CAR"
"RENAULT","ZOE I SIGNATURE NAV ZE 40 AUTO","BEV","CAR"
"RENAULT","ZOE SIGNATURE NAV ZE 40 AUTO","BEV","CAR"
"RENAULT","ZOE GT LINE RAPID CHARGE","BEV","CAR"
"RENAULT","ZOE ICONIC BOOST CHARGE EV","BEV","CAR"
"RENAULT","ZOE DYNAMIQUE NAV ZE 40","BEV","CAR"
"RENAULT","ZOE TECHNO BOOST CHARGE EV","BEV","CAR"
"RENAULT","ZOE I GT LN RAPID","BEV","CAR"
"RENAULT","ZOE SIGNATURE NAV ZE 40","BEV","CAR"
"RENAULT","ZOE I DYN NAV QUICK","BEV","CAR"
"RENAULT","CAPTUR RS LINE E-TECH PHEV A","PHEV","CAR"
"RENAULT","CAPTUR LAUNCH ED E-TECH PHEV A","PHEV","CAR"
"RENAULT","CAPTUR SE EDITION ETECH PHEV A","PHEV","CAR"
"RENAULT","CAPTUR ETECH ENGINEERED PHEV A","PHEV","CAR"
"RENAULT","CAPTUR S ED BOSE E-TECH PHEV A","PHEV","CAR"
"RENAULT","CAPTUR TECHNO E-TECH PHEV AUTO","PHEV","CAR"
"RENAULT","ZOE DYN NAV QUICK CHRG","BEV","CAR"
"SEAT","LEON FR PHEV S-A","PHEV","CAR"
"SEAT","MII EV","BEV","CAR"
"SEAT","LEON FR SPORT PHEV S-A","PHEV","CAR"
"SEAT","LEON FR FIRST EDITION PHEV S-A","PHEV","CAR"
"SEAT","LEON XCELLENCE LUX PHEV S-A","PHEV","CAR"
"SEAT","LEON XCELLENCE PHEV S-A","PHEV","CAR"
"SEAT","LEON VZ1 PHEV S-A","PHEV","CAR"
"SKODA","ENYAQ IV 80 FOUNDERS EDITION","BEV","CAR"
"SKODA","ENYAQ IV 60 NAV SUITE","BEV","CAR"
"SKODA","ENYAQ 60","BEV","CAR"
"SKODA","ENYAQ 85","BEV","CAR"
"SKODA","ENYAQ 85 LAURIN AND KLEMENT","BEV","CAR"
"SKODA","ENYAQ 85 SPORTLINE +","BEV","CAR"
"SKODA","ENYAQ IV 60 NAV LODGE","BEV","CAR"
"SKODA","ENYAQ IV 60 NAV LOFT","BEV","CAR"
"SKODA","ENYAQ IV 80 ECOSUITE","BEV","CAR"
"SKODA","ENYAQ IV 80 LODGE","BEV","CAR"
"SKODA","ENYAQ IV 80 LOUNGE","BEV","CAR"
"SKODA","ENYAQ 85X SPORTLINE +","BEV","CAR"
"SKODA","ENYAQ IV 80 LOFT","BEV","CAR"
"SKODA","ENYAQ IV 80","BEV","CAR"
"SKODA","ENYAQ IV 80 SPORTLINE","BEV","CAR"
"SKODA","ENYAQ 60 EDITION","BEV","CAR"
"SKODA","ENYAQ IV 60 NAV ECOSUITE","BEV","CAR"
"SKODA","ENYAQ 85 EDITION","BEV","CAR"
"SKODA","ENYAQ IV 60 NAV LOUNGE","BEV","CAR"
"SKODA","ENYAQ IV 80X SPORTLINE +","BEV","CAR"
"SKODA","ENYAQ IV VRS 4X4","BEV","CAR"
"SKODA","ENYAQ VRS 4X4","BEV","CAR"
"SKODA","OCTAVIA SE TECH TSI IV S-A","PHEV","CAR"
"SKODA","ENYAQ IV 80X SPORTLINE","BEV","CAR"
"SKODA","ENYAQ IV 80 SUITE","BEV","CAR"
"SKODA","ENYAQ IV 60","BEV","CAR"
"SKODA","ENYAQ 50 EDITION","BEV","CAR"
"SKODA","ENYAQ IV 80 SPORTLINE +","BEV","CAR"
"SKODA","OCTAVIA VRS TSI IV S-A","PHEV","CAR"
"SKODA","OCTAVIA SE L TSI IV S-A","PHEV","CAR"
"SKODA","OCTAVIA SE L TSI IV","PHEV","CAR"
"SKODA","OCTAVIA SE TECH TSI IV","PHEV","CAR"
"SKODA","ELROQ SPORTLINE","BEV","CAR"
"SKODA","ELROQ SE","BEV","CAR"
"SKODA","ENYAQ 50","BEV","CAR"
"SMART","EQ FORFOUR PRIME PREMIUM+ 22KW","BEV","CAR"
"SMART","EQ FORTWO PULSE PREMIUM","BEV","CAR"
"SMART","EQ FORFOUR PRIME PREMIUM 7 KW","BEV","CAR"
"SMART","1 BRABUS EV 4X4","BEV","CAR"
"SMART","1 LAUNCH EDITION EV","BEV","CAR"
"SMART","1 PREMIUM EV","BEV","CAR"
"SMART","1 PRO EV","BEV","CAR"
"SMART","3 25TH ANNIVERSARY EDITION EV","BEV","CAR"
"SMART","3 BRABUS EV 4X4","BEV","CAR"
"SMART","3 PREMIUM EV","BEV","CAR"
"SMART","3 PRO + EV","BEV","CAR"
"SMART","3 PRO EV","BEV","CAR"
"SMART","EQ FORFOUR PASSION ADVANCED","BEV","CAR"
"SMART","EQ FORFOUR PRIME PREMIUM+ 7 KW","BEV","CAR"
"SMART","FORTWO PASSION 71 AUTO","BEV","CAR"
"SMART","FORTWO E-DRIVE PRIME PREMIUM +","BEV","CAR"
"SMART","FORFOUR E-DRIVE PRIME PREMIUM","BEV","CAR"
"SMART","EQ FORFOUR PRIME EXCLUSIVE","BEV","CAR"
"SMART","EQ FORTWO PRIME PREMIUM+ 7 KW","BEV","CAR"
"SMART","EQ FORFOUR EXCLUSIVE","BEV","CAR"
"SMART","EQ FORTWO RACING GREEN EDITION","BEV","CAR"
"SMART","FORFOUR E-DRIVE PRIME PREM +","BEV","CAR"
"SMART","EQ FORFOUR PRIME PREMIUM 22 KW","BEV","CAR"
"SMART","EQ FORFOUR PREMIUM","BEV","CAR"
"SMART","FORTWO ELECTRIC DRIVE CVT","BEV","CAR"
"SMART","1 PRO + EV","BEV","CAR"
"SMART","EQ FORTWO PRIME PREMIUM 22 KW","BEV","CAR"
"SMART","EQ FORTWO PRIME EXCLUSIVE","BEV","CAR"
"SMART","EQ FORFOUR PULSE PREMIUM","BEV","CAR"
"SMART","FORTWO E-DRIVE PRIME PREMIUM","BEV","CAR"
"SMART","EQ FORTWO BRABUS LINE","BEV","CAR"
"SMART","FORTWO PULSE 71 AUTO","BEV","CAR"
"SMART","EQ FORTWO PRIME PREMIUM 7 KW","BEV","CAR"
"SMART","EQ FORTWO EXCLUSIVE","BEV","CAR"
"SMART","EQ FORTWO PREMIUM","BEV","CAR"
"SMART","FORTWO PASSION EDRIVE CVT","BEV","CAR"
"SMART","EQ FORTWO PRIME PREMIUM+ 22 KW","BEV","CAR"
"SMART","EQ FORTWO EDITION ONE","BEV","CAR"
"SMART","FORTWO PRIME","BEV","CAR"
"SMART","EQ FORTWO EDITION BLUEDAWN","BEV","CAR"
"SMART","EQ FORTWO NIGHTSKY 22 KW","BEV","CAR"
"SMART","FORTWO PASSION EV","BEV","CAR"
"SMART","EQ FORTWO PASSION ADVANCED","BEV","CAR"
"SUBARU","E VITARA ULTRA","BEV","CAR"
"SUBARU","SOLTERRA LIMITED EV AWD","BEV","CAR"
"SUBARU","SOLTERRA TOURING EV AWD","BEV","CAR"
"SUZUKI","E VITARA ULTRA","BEV","CAR"
"TESLA","MODEL S","BEV","CAR"
"TESLA","MODEL S 100D","BEV","CAR"
"TESLA","MODEL S 60","BEV","CAR"
"TESLA","MODEL S 60D","BEV","CAR"
"TESLA","MODEL S 70","BEV","CAR"
"TESLA","MODEL S 70D","BEV","CAR"
"TESLA","MODEL S 75","BEV","CAR"
"TESLA","MODEL S 75D","BEV","CAR"
"TESLA","MODEL S 85D","BEV","CAR"
"TESLA","MODEL S 90","BEV","CAR"
"TESLA","MODEL S 90D","BEV","CAR"
"TESLA","MODEL S LONG RANGE AWD","BEV","CAR"
"TESLA","MODEL S P100D","BEV","CAR"
"TESLA","MODEL S P85","BEV","CAR"
"TESLA","MODEL S P85D","BEV","CAR"
"TESLA","MODEL S P90D","BEV","CAR"
"TESLA","MODEL S P90D L","BEV","CAR"
"TESLA","MODEL S PERFORM LUDICROUS AWD","BEV","CAR"
"TESLA","MODEL S PERFORMANCE AWD","BEV","CAR"
"TESLA","MODEL S PLAID AWD","BEV","CAR"
"TESLA","MODEL S STANDARD RANGE AWD","BEV","CAR"
"TESLA","MODEL X 100D","BEV","CAR"
"TESLA","MODEL X 60D","BEV","CAR"
"TESLA","MODEL X 75D","BEV","CAR"
"TESLA","MODEL X 90D","BEV","CAR"
"TESLA","MODEL X LONG RANGE AWD","BEV","CAR"
"TESLA","MODEL X P90D","BEV","CAR"
"TESLA","MODEL X PERFORM LUDICROUS AWD","BEV","CAR"
"TESLA","MODEL X PERFORMANCE AWD","BEV","CAR"
"TESLA","MODEL X PLAID AWD","BEV","CAR"
"TESLA","MODEL X STANDARD RANGE AWD","BEV","CAR"
"TESLA","MODEL Y LONG RANGE AWD","BEV","CAR"
"TESLA","MODEL Y RWD","BEV","CAR"
"TESLA","MODEL 3 PERFORMANCE AWD","BEV","CAR"
"TESLA","MODEL 3 STANDARD RANGE +","BEV","CAR"
"TESLA","MODEL 3","BEV","CAR"
"TESLA","MODEL Y PERFORMANCE AWD","BEV","CAR"
"TESLA","MODEL X P100D","BEV","CAR"
"TESLA","MODEL 3 LONG RANGE RWD","BEV","CAR"
"TESLA","MODEL 3 LONG RANGE AWD","BEV","CAR"
"TESLA","MODEL Y LONG RANGE RWD","BEV","CAR"
"TOYOTA","E VITARA ULTRA","BEV","CAR"
"TOYOTA","BZ4X VISION AWD","BEV","CAR"
"TOYOTA","C-HR DESIGN PHEV AUTO","PHEV","CAR"
"TOYOTA","RAV4 DESIGN PHEV AUTO","PHEV","CAR"
"TOYOTA","C-HR GR SPORT PHEV AUTO","PHEV","CAR"
"TOYOTA","BZ4X VISION","BEV","CAR"
"TOYOTA","BZ4X MOTION AWD","BEV","CAR"
"TOYOTA","BZ4X MOTION","BEV","CAR"
"TOYOTA","BZ4X PURE","BEV","CAR"
"TOYOTA","RAV4 GR SPORT PHEV AUTO","PHEV","CAR"
"VAUXHALL","2008 GT EV","BEV","CAR"
"VAUXHALL","GRANDLAND ULTIMATE EV","BEV","CAR"
"VAUXHALL","COMBO-E LIFE SE","BEV","CAR"
"VAUXHALL","COMBO 2000 PRO TURBO D S/S","BEV","LCV"
"VAUXHALL","CORSA","BEV","CAR"
"VAUXHALL","ASTRA CLUB 8V","BEV","CAR"
"VAUXHALL","MOKKA DESIGN EV","BEV","CAR"
"VAUXHALL","CORSA E ELITE PREMIUM","BEV","CAR"
"VAUXHALL","CORSA E ELITE NAV","BEV","CAR"
"VAUXHALL","COMBO LIFE DESIGN EV","BEV","CAR"
"VAUXHALL","COMBO LIFE ULTIMATE EV","BEV","CAR"
"VAUXHALL","COMBO-E 2300 PRO","BEV","LCV"
"VAUXHALL","COMBO-E 2300 SPORTIVE","BEV","LCV"
"VAUXHALL","GRANDLAND X SE NAV HYBRID AUTO","PHEV","CAR"
"VAUXHALL","GRANDLAND X ELITE NAV HYBRID A","PHEV","CAR"
"VAUXHALL","GRANDLAND GSE PHEV AWD AUTO","PHEV","CAR"
"VAUXHALL","GRANDLAND ELITE PHEV AUTO","PHEV","CAR"
"VAUXHALL","CORSA E SRI NAV PREMIUM","BEV","CAR"
"VAUXHALL","CORSA E ULTIMATE","BEV","CAR"
"VAUXHALL","CORSA DESIGN EV","BEV","CAR"
"VAUXHALL","CORSA E ELITE NAV PREMIUM","BEV","CAR"
"VAUXHALL","CORSA E SRI PREMIUM","BEV","CAR"
"VAUXHALL","CORSA E SE NAV PREMIUM","BEV","CAR"
"VAUXHALL","CORSA E SE NAV","BEV","CAR"
"VAUXHALL","CORSA GS EV","BEV","CAR"
"VAUXHALL","COMBO-E 2300 PRIME","BEV","LCV"
"VAUXHALL","CORSA E ANNIVERSARY EDITION","BEV","CAR"
"VAUXHALL","CORSA E GS LINE","BEV","CAR"
"VAUXHALL","CORSA ULTIMATE EV","BEV","CAR"
"VAUXHALL","CORSA YES EV","BEV","CAR"
"VAUXHALL","COMBO-E PRO M","BEV","LCV"
"VAUXHALL","COMBO-E PRIME M","BEV","LCV"
"VAUXHALL","COMBO-E 2300 DYNAMIC","BEV","LCV"
"VAUXHALL","CORSA E SE PREMIUM","BEV","CAR"
"VAUXHALL","CORSA E GRIFFIN","BEV","CAR"
"VAUXHALL","MOKKA ULTIMATE NAV EV","BEV","CAR"
"VAUXHALL","MOKKA X ELITE NAV CDTI ETEC SS","BEV","LCV"
"VAUXHALL","VIVARO F3100 GS EV","BEV","LCV"
"VAUXHALL","VIVARO F3100 PRO EV","BEV","LCV"
"VAUXHALL","VIVARO LIFE DESIGN EV","BEV","CAR"
"VAUXHALL","VIVARO PRIME M EV","BEV","LCV"
"VAUXHALL","VIVARO PRIME XL EV","BEV","LCV"
"VAUXHALL","VIVARO-E 2900 DYNAMIC","BEV","LCV"
"VAUXHALL","VIVARO-E LIFE EDITION","BEV","CAR"
"VAUXHALL","MOKKA SE PREMIUM EV","BEV","CAR"
"VAUXHALL","MOKKA GS EV","BEV","CAR"
"VAUXHALL","VIVARO LIFE ULTIMATE EV","BEV","CAR"
"VAUXHALL","MOKKA ULTIMATE EV","BEV","CAR"
"VAUXHALL","MOKKA E SRI PREMIUM","BEV","CAR"
"VAUXHALL","VIVARO-E LIFE COMBI","BEV","CAR"
"VAUXHALL","MOKKA E GS LINE","BEV","CAR"
"VAUXHALL","MOKKA ELITE PREMIUM EV","BEV","CAR"
"VAUXHALL","MOKKA ULTIMATE EDITION EV","BEV","CAR"
"VAUXHALL","MOKKA ELITE NAV PREMIUM EV","BEV","CAR"
"VAUXHALL","VIVARO-E 3100 DYNAMIC","BEV","LCV"
"VAUXHALL","VIVARO F3100 PRIME EV","BEV","LCV"
"VAUXHALL","VIVARO-E 3100 ELITE","BEV","LCV"
"VAUXHALL","VIVARO LIFE COMBI EV","BEV","CAR"
"VAUXHALL","VIVARO-E LIFE ELITE","BEV","CAR"
"VAUXHALL","MOKKA LAUNCH EDITION EV","BEV","CAR"
"VAUXHALL","MOKKA GRIFFIN EV","BEV","CAR"
"VAUXHALL","ASTRA BELMONT L","BEV","CAR"
"VAUXHALL","ASTRA DESIGN EV","BEV","CAR"
"VAUXHALL","ASTRA CLUB CDTI","BEV","CAR"
"VAUXHALL","ASTRA ULTIMATE EV","BEV","CAR"
"VAUXHALL","ASTRA GS EV","BEV","CAR"
"VAUXHALL","GRANDLAND GS LINE PHEV AWD A","PHEV","CAR"
"VAUXHALL","ASTRA BUSINESS ELEGANCE PHEV A","PHEV","CAR"
"VAUXHALL","GRANDLAND GS LINE PHEV AUTO","PHEV","CAR"
"VAUXHALL","GRANDLAND X BNESS ED NAV HYB A","PHEV","CAR"
"VAUXHALL","GRANDLAND ULTIMATE PHEV AUTO","PHEV","CAR"
"VAUXHALL","ASTRA DESIGN PHEV AUTO","PHEV","CAR"
"VAUXHALL","GRANDLAND GS PHEV AUTO","PHEV","CAR"
"VAUXHALL","G-LAND X BNESS ED NV PRM HYB A","PHEV","CAR"
"VAUXHALL","GRANDLAND X ELITE NAV HYB4 A","PHEV","CAR"
"VAUXHALL","G-LAND X BSNS ED NV PRM HYB4 A","PHEV","CAR"
"VAUXHALL","ASTRA GS LINE PHEV AUTO","PHEV","CAR"
"VAUXHALL","GRANDLAND X BNESS ED NV HYB4 A","PHEV","CAR"
"VAUXHALL","GRANDLAND SRI PHEV AUTO","PHEV","CAR"
"VAUXHALL","ASTRA GSE PHEV AUTO","PHEV","CAR"
"VAUXHALL","GRANDLAND X SRI NAV HYBRID A","PHEV","CAR"
"VAUXHALL","GRANDLAND DESIGN PHEV AUTO","PHEV","CAR"
"VAUXHALL","ASTRA ULTIMATE PHEV AUTO","PHEV","CAR"
"VAUXHALL","GRANDLAND X SRI NAV HYBRID4 A","PHEV","CAR"
"VAUXHALL","GRANDLAND X ULTIMTE NAV HYB4 A","PHEV","CAR"
"VAUXHALL","ASTRA GS PHEV AUTO","PHEV","CAR"
"VAUXHALL","MOKKA SRI NAV PREMIUM EV","BEV","CAR"
"VAUXHALL","GRANDLAND GS EV","BEV","CAR"
"VAUXHALL","G-LAND X BSNS ED NV","PHEV","CAR"
"VAUXHALL","MOKKA SE NAV PREMIUM EV","BEV","CAR"
"VOLKSWAGEN","ID4 GTX EDITION","BEV","CAR"
"VOLKSWAGEN","ID4 BLACK EDITION","BEV","CAR"
"VOLKSWAGEN","ID3 PRO MATCH","BEV","CAR"
"VOLKSWAGEN","ID BUZZ COMMERCE +","BEV","CAR"
"VOLKSWAGEN","ID3 PRO LAUNCH EDITION 1","BEV","CAR"
"VOLKSWAGEN","ID BUZZ 1ST EDITION","BEV","CAR"
"VOLKSWAGEN","ID BUZZ LIFE","BEV","CAR"
"VOLKSWAGEN","ID BUZZ STYLE","BEV","CAR"
"VOLKSWAGEN","ID3 CITY","BEV","CAR"
"VOLKSWAGEN","ID3 PRO BUSINESS","BEV","CAR"
"VOLKSWAGEN","ID3 PRO LAUNCH EDITION 3","BEV","CAR"
"VOLKSWAGEN","ID3 PRO S","BEV","CAR"
"VOLKSWAGEN","ID3 PRO S ESSENTIAL","BEV","CAR"
"VOLKSWAGEN","ID3 PRO S LAUNCH EDITION 4","BEV","CAR"
"VOLKSWAGEN","ID3 LIFE","BEV","CAR"
"VOLKSWAGEN","E-UP","BEV","CAR"
"VOLKSWAGEN","ID3 FAMILY","BEV","CAR"
"VOLKSWAGEN","ID3 MAX","BEV","CAR"
"VOLKSWAGEN","ID3 BUSINESS","BEV","CAR"
"VOLKSWAGEN","ID3 PRO","BEV","CAR"
"VOLKSWAGEN","ID3 1ST EDITION","BEV","CAR"
"VOLKSWAGEN","ID3 PRO LAUNCH EDITION 2","BEV","CAR"
"VOLKSWAGEN","ID3 PRO ESSENTIAL","BEV","CAR"
"VOLKSWAGEN","ID BUZZ COMMERCE","BEV","CAR"
"VOLKSWAGEN","ID3 PRO S TOUR","BEV","CAR"
"VOLKSWAGEN","ID3 PRO STYLE","BEV","CAR"
"VOLKSWAGEN","ID4 GTX MAX","BEV","CAR"
"VOLKSWAGEN","ID4 LIFE EDITION 4MOTION","BEV","CAR"
"VOLKSWAGEN","ID5 GTX","BEV","CAR"
"VOLKSWAGEN","ID5 GTX MAX","BEV","CAR"
"VOLKSWAGEN","ID5 MAX PRO","BEV","CAR"
"VOLKSWAGEN","ID5 STYLE PRO","BEV","CAR"
"VOLKSWAGEN","ID5 TECH PRO","BEV","CAR"
"VOLKSWAGEN","ID7 PRO LAUNCH EDITION 1","BEV","CAR"
"VOLKSWAGEN","UP","BEV","CAR"
"VOLKSWAGEN","ID4 CITY","BEV","CAR"
"VOLKSWAGEN","ID5 GTX STYLE","BEV","CAR"
"VOLKSWAGEN","ID4 MAX","BEV","CAR"
"VOLKSWAGEN","ID7 MATCH PRO","BEV","CAR"
"VOLKSWAGEN","ID4 LIFE","BEV","CAR"
"VOLKSWAGEN","ID3 TOUR","BEV","CAR"
"VOLKSWAGEN","ID5 MATCH PRO","BEV","CAR"
"VOLKSWAGEN","ID4 FAMILY","BEV","CAR"
"VOLKSWAGEN","ID4 1ST EDITION","BEV","CAR"
"VOLKSWAGEN","ID3 STYLE","BEV","CAR"
"VOLKSWAGEN","ID3 PRO S MATCH","BEV","CAR"
"VOLKSWAGEN","ID4 LIFE EDITION","BEV","CAR"
"VOLKSWAGEN","ID3 TECH","BEV","CAR"
"VOLKSWAGEN","ID4 GTX","BEV","CAR"
"VOLKSWAGEN","ID4 MATCH PRO 4MOTION","BEV","CAR"
"VOLKSWAGEN","ID4 MATCH PRO","BEV","CAR"
"VOLKSWAGEN","ID5 STYLE PRO PERFORMANCE","BEV","CAR"
"VOLKSWAGEN","ID4 STYLE EDITION","BEV","CAR"
"VOLKSWAGEN","ID5 TECH PRO PERFORMANCE","BEV","CAR"
"VOLKSWAGEN","ID4 STYLE","BEV","CAR"
"VOLKSWAGEN","ID5 MAX PRO PERFORMANCE","BEV","CAR"
"VOLKSWAGEN","E-GOLF","BEV","CAR"
"VOLKSWAGEN","ID.7 MATCH PRO S +","BEV","CAR"
"VOLKSWAGEN","ID3 PRO S LAUNCH EDITION","BEV","CAR"
"VOLKSWAGEN","ID7 MATCH PRO S +","BEV","CAR"
"VOLKSWAGEN","ID7 MATCH PRO S","BEV","CAR"
"VOLKSWAGEN","PASSAT LIFE PHEV S-A","BEV","CAR"
"VOLVO","XC60 ULTIMTE T8 RECHARGE AWD","PHEV","CAR"
"VOLVO","XC60 ULTRA T8 PHEV AWD","PHEV","CAR"
"VOLVO","XC60 INSCRPT EXP T6RCHRG AWD","PHEV","CAR"
"VOLVO","XC60 + T6 RECHARGE AWD","PHEV","CAR"
"VOLVO","S60 + T8 RECHARGE AWD","PHEV","CAR"
"VOLVO","XC90 MOMENTUM T8 PHEV AWD","PHEV","CAR"
"VOLVO","C40 ULTIMTE RCHRGE TWIN EV","BEV","CAR"
"VOLVO","XC90 RDESGN PRO T8 RCHRG","PHEV","CAR"
"VOLVO","S90 INSCRIPTION T8 RCHRG AWD","PHEV","CAR"
"VOLVO","C40 + RECHARGE TWIN EV AWD","BEV","CAR"
"VOLVO","C40 CORE RECHARGE TWIN EV AWD","BEV","CAR"
"VOLVO","C40 PRO RECHARGE TWIN EV AWD","BEV","CAR"
"VOLVO","C40 ULTIMTE RCHRGE TWIN EV AWD","BEV","CAR"
"VOLVO","EC40 PLUS","BEV","CAR"
"VOLVO","EC40 ULTRA","BEV","CAR"
"VOLVO","EC40 ULTRA AWD","BEV","CAR"
"VOLVO","C40 + RECHARGE EV","BEV","CAR"
"VOLVO","C40 CORE RECHARGE EV","BEV","CAR"
"VOLVO","C40 ULTIMATE RECHARGE EV","BEV","CAR"
"VOLVO","XC40 + T4 RECHARGE AUTO","PHEV","CAR"
"VOLVO","XC40 CORE RECHARGE TWIN EV AWD","BEV","CAR"
"VOLVO","XC40 CORE T4 RECHARGE AUTO","PHEV","CAR"
"VOLVO","XC40 INSCRIPT PRO T5 RCHARGE A","PHEV","CAR"
"VOLVO","XC40 INSCRIPTION EXP T4RCHRG A","PHEV","CAR"
"VOLVO","XC40 INSCRIPTION PRO T5 PHEV A","PHEV","CAR"
"VOLVO","XC40 INSCRIPTION T5 PHEV AUTO","PHEV","CAR"
"VOLVO","XC40 INSCRIPTION T5 RECHARGE A","PHEV","CAR"
"VOLVO","XC40 PLUS RECHARGE TWIN EV AWD","BEV","CAR"
"VOLVO","XC40 PRO RECHARGE TWIN EV AWD","BEV","CAR"
"VOLVO","XC40 R-DESIGN PRO T5 PHEV AUTO","PHEV","CAR"
"VOLVO","XC40 R-DESIGN T5 PHEV AUTO","PHEV","CAR"
"VOLVO","XC40 RDESIGN PRO T5 RECHARGE A","PHEV","CAR"
"VOLVO","XC40 ULTIMATE T5 RECHARGE AUTO","PHEV","CAR"
"VOLVO","XC40 ULTMTE RCHRGE TWIN EV AWD","BEV","CAR"
"VOLVO","XC60 + BLACK ED T6 PHEV AWD A","PHEV","CAR"
"VOLVO","EX40 ULTRA","BEV","CAR"
"VOLVO","XC40 FIRST EDITION P8 AWD","BEV","CAR"
"VOLVO","XC40 PLUS RECHARGE EV","BEV","CAR"
"VOLVO","XC40 RECHARGE TWIN EV AWD","BEV","CAR"
"VOLVO","XC40 INSCRIPTION T4 RECHARGE A","PHEV","CAR"
"VOLVO","XC40 PRO RECHARGE EV","BEV","CAR"
"VOLVO","XC40 R-DESIGN T4 RECHARGE AUTO","PHEV","CAR"
"VOLVO","XC40 CORE RECHARGE EV","BEV","CAR"
"VOLVO","XC40 ULTIMATE RECHARGE EV","BEV","CAR"
"VOLVO","V60 P-STAR ENGRD T8 PHEV AWD A","PHEV","CAR"
"VOLVO","V60 INSCRIPTION T6 RCHRG AWD A","PHEV","CAR"
"VOLVO","V60 R-DESIGN T6 RECHARGE AWD A","PHEV","CAR"
"VOLVO","XC40 R-DESIGN P8 AWD","BEV","CAR"
"VOLVO","XC40 R-DESIGN T5 RECHARGE AUTO","PHEV","CAR"
"VOLVO","S90 INSCRIPTION + T8 PHEV A A","PHEV","CAR"
"VOLVO","S90 + T8 RECHARGE AWD AUTO","PHEV","CAR"
"VOLVO","S90 R-DESIGN PRO T8 PHEV AWD A","PHEV","CAR"
"VOLVO","S90 R-DESIGN + T8 PHEV AWD A","PHEV","CAR"
"VOLVO","S90 INSCRPT PRO T8 PHEV AWD A","PHEV","CAR"
"VOLVO","S90 R-DESIGN T8 RECHARGE AWD A","PHEV","CAR"
"VOLVO","S90 INSCRIPTION T8 RCHRG AWD A","PHEV","CAR"
"VOLVO","S90 ULTIMATE T8 RECHARGE AWD A","PHEV","CAR"
"VOLVO","V90 INSCRIPTION T6 RCHRG AWD A","PHEV","CAR"
"VOLVO","V90 INSCRPT PRO T8 PHEV AWD A","PHEV","CAR"
"VOLVO","V90 ULTIMATE T6 RECHARGE AWD A","PHEV","CAR"
"VOLVO","V90 ULTIMATE T8 RECHARGE AWD A","PHEV","CAR"
"VOLVO","V90 R-DESIGN + T8 PHEV AWD A","PHEV","CAR"
"VOLVO","V90 INSCRIPTION + T8 PHEV A A","PHEV","CAR"
"VOLVO","V90 R-DESIGN PRO T8 PHEV AWD A","PHEV","CAR"
"VOLVO","V90 R-DESIGN T6 RECHARGE AWD A","PHEV","CAR"
"VOLVO","V90 + T6 RECHARGE AWD AUTO","PHEV","CAR"
"VOLVO","XC60 + BLK ED T6 RECHRGE AWD A","PHEV","CAR"
"VOLVO","XC60 + T6 PHEV AWD AUTO","PHEV","CAR"
"VOLVO","XC60 + T6 RECHARGE AWD AUTO","PHEV","CAR"
"VOLVO","XC60 CORE T6 PHEV AWD AUTO","PHEV","CAR"
"VOLVO","XC60 CORE T6 RECHARGE AWD AUTO","PHEV","CAR"
"VOLVO","XC60 INSCRIPT T6 RCHARGE AWD A","PHEV","CAR"
"VOLVO","XC60 INSCRIPTION T8 PHEV AWD A","PHEV","CAR"
"VOLVO","XC60 INSCRP PRO T8RECHRG AWD A","PHEV","CAR"
"VOLVO","XC60 INSCRPT EXP T6RCHRG AWD A","PHEV","CAR"
"VOLVO","XC60 INSCRPT PRO T8 PHEV AWD A","PHEV","CAR"
"VOLVO","XC60 P-STR ENGRD T8RCHRG AWD A","PHEV","CAR"
"VOLVO","XC60 PSTAR ENGRD T8 PHEV AWD A","PHEV","CAR"
"VOLVO","XC60 R-DESIGN T6 AWD AUTO","PHEV","CAR"
"VOLVO","XC60 R-DESIGN T6 RCHARG AWD A","PHEV","CAR"
"VOLVO","XC60 R-DESIGN T8 PHEV AWD AUTO","PHEV","CAR"
"VOLVO","XC60 RDESGN PRO T8 RCHRG AWD A","PHEV","CAR"
"VOLVO","XC60 RDESIGN PRO T8 PHEV AWD A","PHEV","CAR"
"VOLVO","XC60 ULTIMTE T8 RECHARGE AWD A","PHEV","CAR"
"VOLVO","XC60 ULTM BLK ED T8RCHRG AWD A","PHEV","CAR"
"VOLVO","XC60 ULTRA BLK ED T8PHEV AWD A","PHEV","CAR"
"VOLVO","XC60 ULTRA T8 PHEV AWD AUTO","PHEV","CAR"
"VOLVO","XC90 + T8 PHEV AWD AUTO","PHEV","CAR"
"VOLVO","XC90 + T8 RECHARGE AWD AUTO","PHEV","CAR"
"VOLVO","XC90 CORE T8 PHEV AWD AUTO","PHEV","CAR"
"VOLVO","XC90 CORE T8 RECHARGE AWD AUTO","PHEV","CAR"
"VOLVO","XC90 INSCRIPT PRO T8 PHEV A A","PHEV","CAR"
"VOLVO","XC90 INSCRIPTION T8 PHEV AWD A","PHEV","CAR"
"VOLVO","XC90 INSCRP EXP T8RCHRGE AWD A","PHEV","CAR"
"VOLVO","XC90 INSCRP PRO T8RCHRGE AWD A","PHEV","CAR"
"VOLVO","XC90 INSCRPT PRO T8 PHEV AWD A","PHEV","CAR"
"VOLVO","XC90 INSCRPT T8 RCHARGE AWD A","PHEV","CAR"
"VOLVO","XC90 MOMENTM PRO T8 PHEV AWD A","PHEV","CAR"
"VOLVO","XC90 MOMENTUM T8 PHEV AWD AUTO","PHEV","CAR"
"VOLVO","XC90 MOMENTUM T8 RCHRG AWD A","PHEV","CAR"
"VOLVO","XC90 R-DESIGN T8 PHEV AWD AUTO","PHEV","CAR"
"VOLVO","XC90 R-DESIGN T8 RCHARGE AWD A","PHEV","CAR"
"VOLVO","XC90 RDESGN PRO T8 RCHRG AWD A","PHEV","CAR"
"VOLVO","XC90 RDESIGN PRO T8 PHEV AWD A","PHEV","CAR"
"VOLVO","XC90 T8 INSCRIPTION T-ENGINE A","PHEV","CAR"
"VOLVO","XC90 T8 MOMENTUM TWIN ENGINE A","PHEV","CAR"
"VOLVO","XC90 T8 R-DESIGN TWIN ENGINE A","PHEV","CAR"
"VOLVO","XC90 ULTIMATE T8 RECHRGE AWD A","PHEV","CAR"
"VOLVO","XC90 ULTRA T8 PHEV AWD AUTO","PHEV","CAR"
"VOLVO","XC60 INSCRPT PRO T8 PHEV","PHEV","CAR"
"VOLVO","XC90 INSCRPT T8 RCHARGE AWD","PHEV","CAR"
"VOLVO","XC40 ULTMTE RCHRGE TWIN EV","BEV","CAR"
"VOLVO","C40 PRO RECHARGE TWIN EV","BEV","CAR"
"VOLVO","EX40 PLUS","BEV","CAR"
"VOLVO","XC40 RDESIGN PRO T5 RECHARGE","PHEV","CAR"
"VOLVO","EX40 CORE","BEV","CAR"
"VOLVO","EX40 ULTRA AWD","BEV","CAR"
"VOLVO","EX40 PLUS AWD","BEV","CAR"
"VOLVO","XC40 PLUS RECHARGE TWIN EV","BEV","CAR"
"VOLVO","EX30 PLUS","BEV","CAR"
"VOLVO","XC40 INSCRIPT PRO T5 RCHARGE","PHEV","CAR"
"VOLVO","EX30 ULTRA","BEV","CAR"
"VOLVO","XC60 RDESIGN PRO T8 PHEV","PHEV","CAR"
"VOLVO","XC60 INSCRIPTION T8 PHEV AWD","PHEV","CAR"
"VOLVO","XC90 ULTIMATE T8 RECHRGE AWD","PHEV","CAR"
"VOLVO","XC90 R-DESIGN T8 RCHARGE AWD","PHEV","CAR"
"VOLVO","XC60 R-DESIGN T8 PHEV AWD","PHEV","CAR"
"VOLVO","XC60 INSCRIPT T6 RCHARGE AWD","PHEV","CAR"
"VOLVO","V90 INSCRPT PRO T8 PHEV","PHEV","CAR"
"VOLVO","XC60 RDESGN PRO T8 RCHRG","PHEV","CAR"
"VOLVO","XC90 T8 MOMENTUM TWIN ENGINE","PHEV","CAR"
"VOLVO","XC60 R-DESIGN T6 RCHARG AWD","PHEV","CAR"
"VOLVO","XC90 + T8 RECHARGE AWD","PHEV","CAR"
"VOLVO","V60 R-DESIGN T6 RECHARGE AWD","PHEV","CAR"
"VOLVO","V60 ULTIMATE T6 RECHARGE AWD A","PHEV","CAR"
"VOLVO","V60 P-STAR ENGRD T8RCHRG AWD A","PHEV","CAR"
"VOLVO","V60 + T6 RECHARGE AWD AUTO","PHEV","CAR"
"VOLVO","V60 ULTIMATE T8 RECHARGE AWD A","PHEV","CAR"
"VOLVO","V60 R-DESIGN LUX NAV D6 TE A","BEV","CAR"
"VOLVO","V60 R-DESIGN + T8 PHEV AWD A","PHEV","CAR"
"VOLVO","V60 PLUG-IN HYBRID AWD D6 AUTO","PHEV","CAR"
"VOLVO","V60 INSCRIPTION T6 RCHRG AWD","PHEV","CAR"
"ŠKODA","ENYAQ IV 80 SPORTLINE","BEV","CAR"
"ŠKODA","ENYAQ 60 EDITION","BEV","CAR"
"ŠKODA","ENYAQ 60","BEV","CAR"
"ŠKODA","ENYAQ IV 80","BEV","CAR"
"ŠKODA","ELROQ SE","BEV","CAR"
"ŠKODA","ENYAQ IV 60","BEV","CAR"
"ŠKODA","ENYAQ IV 80 SUITE","BEV","CAR"
"ŠKODA","ENYAQ 50","BEV","CAR"
"ŠKODA","ENYAQ EDITION","BEV","CAR"
"ŠKODA","ENYAQ IV 80 SPORTLINE +","BEV","CAR"
"ŠKODA","ELROQ SPORTLINE","BEV","CAR"